first_name,last_name,company_name,address,city,county,state,zip,phone1,phone2,email,web
jbutt@gmail.com,Butt,"Benton John B Jr",6649 N Blue Gum St,New Orleans,504-845-1427,LA,http://www.bentonjohnbjr.com,504-621-8927,Orleans,James,70116
810-374-9840,http://www.chanayjeffreyaesq.com,"Chanay Jeffrey A Esq",4 B Blue Ridge Blvd,Brighton,Livingston,MI,josephine_darakjy@darakjy.org,810-292-9388,Josephine,48116,Darakjy
Art,Venere,"Chemel James L Cpa",art@venere.org,Bridgeport,Gloucester,NJ,8014,856-264-4130,https://www.chemeljameslcpa.com,8 W Cerritos Ave #54,856-636-8749
Lenna,Paprocki,http://www.feltzprintingservice.com,639 Main St,Anchorage,907-921-2010,lpaprocki@hotmail.com,99501,907-385-4412,Anchorage,AK,Feltz Printing Service
Donette,Foller,Printing Dimensions,34 Center St,Hamilton,donette.foller@cox.net,OH,513-549-4561,513-570-1893,http://www.printingdimensions.com,Butler,45011
Simona,Morasca,"Chapman Ross E Esq",3 Mcauley Dr,Ashland,Ashland,419-800-6759,http://www.chapmanrosseesq.com,simona@morasca.com,OH,419-503-2484,44805
Mitsue,Tollner,Morlong Associates,7 Eads St,Chicago,Cook,mitsue_tollner@yahoo.com,http://www.morlongassociates.com,773-924-8565,773-573-6914,IL,60632
Leota,Dilliard,Commercial Press,7 W Jackson Blvd,San Jose,Santa Clara,CA,408-813-1105,leota@hotmail.com,95111,http://www.commercialpress.com,408-752-3500
Sage,Wieser,605-794-4895,5 Boston Ave #88,Sioux Falls,Minnehaha,sage_wieser@cox.net,57105,605-414-2147,Truhlar And Truhlar Attys,http://www.truhlarandtruhlarattys.com,SD
Kris,Marrier,"King Christopher A Esq",228 Runamuck Pl #2808,Baltimore,Baltimore City,MD,21224,410-655-8723,410-804-4694,kris@gmail.com,http://www.kingchristopheraesq.com
http://www.dorljamesjesq.com,Amigon,"Dorl James J Esq",215-422-8694,Kulpsville,Montgomery,minna_amigon@yahoo.com,19443,215-874-1229,2371 Jerrold Ave,PA,Minna
Abel,amaclead@gmail.com,Rangoni Of Florence,37275 St  Rt 17m M,Middle Island,Suffolk,NY,https://www.rangoniofflorence.com,631-677-3675,631-335-3414,Maclead,11953
kiley.caldarera@aol.com,Caldarera,Feiner Bros,25 E 75th St #69,Los Angeles,Los Angeles,CA,310-254-3084,http://www.feinerbros.com,90034,Kiley,310-498-5651
Graciela,gruta@cox.net,Buckley Miller & Wright,98 Connecticut Ave Nw,Chagrin Falls,Geauga,http://www.buckleymillerwright.com,440-579-7763,440-780-8425,44023,Ruta,OH
Cammy,Albares,"Rousseaux Michael Esq",956-841-7216,Laredo,http://www.rousseauxmichaelesq.com,TX,calbares@gmail.com,956-537-6195,56 E Morehead St,78045,Webb
Mattie,Poquette,Century Communications,73 State Road 434 E,Phoenix,Maricopa,AZ,85013,602-277-4385,602-953-6360,mattie@aol.com,http://www.centurycommunications.com
Meaghan,Garufi,"Bolton Wilbur Esq",69734 E Carrillo St,Mc Minnville,Warren,TN,931-235-7959,931-313-9635,meaghan@hotmail.com,http://www.boltonwilburesq.com,37110
Gladys,Rim,T M Byxbee Company Pc,322 New Horizon Blvd,Milwaukee,Milwaukee,WI,414-377-2880,gladys.rim@rim.org,53207,http://www.tmbyxbeecompanypc.com,414-661-9598
Yuki,yuki_whobrey@aol.com,http://www.farmersinsurancegroup.com,1 State Route 27,Taylor,Wayne,MI,313-341-4470,313-288-7937,48180,Whobrey,Farmers Insurance Group
Fletcher,Flosi,Post Box Services Plus,fletcher.flosi@yahoo.com,Rockford,Winnebago,IL,815-426-5657,http://www.postboxservicesplus.com,61109,394 Manchester Blvd,815-828-2147
Bette,Nicka,https://www.sportenart.com,6 S 33rd St,Aston,Delaware,PA,19014,610-492-4643,bette_nicka@cox.net,610-545-3615,Sport En Art
Veronika,Inouye,C 4 Network Inc,6 Greenleaf Ave,San Jose,Santa Clara,CA,95111,408-540-1785,408-813-4592,vinouye@aol.com,http://www.cnetworkinc.com
Willard,Kolmetz,"Ingalls Donald R Esq",618 W Yakima Ave,Irving,972-896-4882,TX,75062,willard@hotmail.com,http://www.ingallsdonaldresq.com,972-303-9197,Dallas
Maryann,mroyster@royster.com,"Franklin Peter L Esq",518-448-8982,Albany,Albany,NY,http://www.franklinpeterlesq.com,518-966-7987,74 S Westgate St,Royster,12204
Alisha,Slusarski,Wtlz Power 107 Fm,732-635-3453,Middlesex,Middlesex,NJ,alisha@slusarski.com,732-658-3154,http://www.wtlzpowerfm.com,8846,3273 State St
Allene,allene_iturbide@cox.net,"Ledecky David Esq",1 Central Ave,Stevens Point,Portage,WI,https://www.ledeckydavidesq.com,715-530-9863,715-662-6764,Iturbide,54481
Chanel,chanel.caudy@caudy.org,Professional Image Inc,86 Nw 66th St #8673,Shawnee,Johnson,KS,913-899-1103,913-388-2079,http://www.professionalimageinc.com,Caudy,66218
Ezekiel,Chui,"Sider Donald C Esq",410-235-8738,http://www.siderdonaldcesq.com,Talbot,MD,ezekiel@chui.com,410-669-1642,2 Cedar Ave #84,21601,Easton
Willow,Kusko,wkusko@yahoo.com,90991 Thorburn Ave,New York,New York,NY,10011,212-934-5167,212-582-4976,http://www.upullit.com,U Pull It
Bernardo,Figeroa,"Clark Richard Cpa",386 9th Ave N,bfigeroa@aol.com,Montgomery,936-597-3614,http://www.clarkrichardcpa.com,936-336-3951,TX,Conroe,77301
Ammie,Corrio,"Moskowitz Barry S",74874 Atlantic Ave,Columbus,Franklin,ammie@corrio.com,43215,614-648-3265,http://www.moskowitzbarrys.com,OH,614-801-9788
Francine,Vocelka,Cascade Realty Advisors Inc,366 South Dr,francine_vocelka@vocelka.com,505-335-5293,NM,http://www.cascaderealtyadvisorsinc.com,505-977-3911,Dona Ana,Las Cruces,88011
Ernie,Stenseth,Knwz Newsradio,45 E Liberty St,Ridgefield Park,Bergen,NJ,7660,201-709-6245,201-387-9093,ernie_stenseth@aol.com,http://www.knwznewsradio.com
Albina,albina@glick.com,"Giampetro Anthony D",732-782-6701,Dunellen,Middlesex,https://www.giampetroanthonyd.com,8812,732-924-7882,4 Ralph Ct,Glick,NJ
Alishia,Sergi,Milford Enterprises Inc,2742 Distribution Way,asergi@gmail.com,212-753-2740,http://www.milfordenterprisesinc.com,10025,212-860-1579,New York,New York,NY
solange@shinko.com,Shinko,http://www.mosoccoronalda.com,426 Wolf St,Metairie,504-265-8174,LA,70002,504-979-9175,Jefferson,Solange,"Mosocco Ronald A"
212-569-4233,Stockham,Tri State Refueler Co,jose@yahoo.com,New York,New York,NY,http://www.tristaterefuelerco.com,212-675-8570,Jose,128 Bransten Rd,10011
Rozella,Ostrosky,Parkway Company,17 Morena Blvd,Camarillo,Ventura,CA,93012,805-832-6163,805-609-1531,rozella.ostrosky@ostrosky.com,http://www.parkwaycompany.com
Valentine,Gillian,http://www.fbsbusinessfinance.com,valentine_gillian@gmail.com,San Antonio,Bexar,210-300-6244,78204,210-812-9597,TX,775 W 17th St,Fbs Business Finance
Kati,Rulapaugh,Eder Assocs Consltng Engrs Pc,6980 Dorsett Rd,Abilene,Dickinson,KS,67410,785-463-7829,785-219-7724,kati.rulapaugh@hotmail.com,http://www.ederassocsconsltngengrspc.com
Youlanda,Schemmer,Tri M Tool Inc,2881 Lewis Rd,https://www.trimtoolinc.com,541-993-2611,OR,97754,541-548-8197,youlanda@aol.com,Crook,Prineville
Dyan,Oldroyd,International Eyelets Inc,7219 Woodfield Rd,Overland Park,Johnson,KS,66204,913-413-4604,913-645-8918,doldroyd@aol.com,http://www.internationaleyeletsinc.com
Roxane,Campain,Rapid Trading Intl,1048 Main St,907-335-6568,http://www.rapidtradingintl.com,AK,roxane@hotmail.com,907-231-4722,Fairbanks,99708,Fairbanks North Star
Lavera,Perin,Abc Enterprises Inc,678 3rd Ave,Miami,Miami-Dade,FL,33196,305-606-7291,305-995-2078,lperin@perin.org,http://www.abcenterprisesinc.com
Erick,907-227-6777,erick.ferencz@aol.com,20 S Babcock St,Fairbanks,Fairbanks North Star,AK,99712,http://www.cindyturnerassociates.com,Ferencz,Cindy Turner Associates,907-741-1044
fsaylors@saylors.org,Saylors,"Stanton James D Esq",2 Lighthouse Ave,952-479-2375,Hennepin,MN,55343,952-768-2416,Hopkins,http://www.stantonjamesdesq.com,Fatima
Jina,Briddick,Grace Pastries Inc,38938 Park Blvd,Boston,Suffolk,MA,2128,617-399-5124,617-997-5771,jina_briddick@briddick.com,http://www.gracepastriesinc.com
Kanisha,Waycott,"Schroer Gene E Esq",http://www.schroergeneeesq.com,Los Angeles,323-315-7314,kanisha_waycott@yahoo.com,90006,323-453-2780,Los Angeles,CA,5 Tomahawk Dr
Emerson,Bowley,Knights Inn,608-658-7940,emerson.bowley@bowley.org,Dane,WI,http://www.knightsinn.com,608-336-7444,762 S Main St,Madison,53711
Blair,Malet,Bollinger Mach Shp & Shipyard,209 Decker Dr,http://www.bollingermachshpshipyard.com,Philadelphia,PA,19132,215-794-4519,bmalet@yahoo.com,215-907-9111,Philadelphia
Brock,Bolognia,212-617-5063,4486 W O St #1,http://www.orindanews.com,New York,NY,10003,bbolognia@yahoo.com,Orinda News,212-402-9216,New York
Lorrie,Nestle,931-303-6041,39 S 7th St,Tullahoma,http://www.ballardspahrandrews.com,TN,37388,931-875-6644,lnestle@hotmail.com,Ballard Spahr Andrews,Coffee
Sabra,Uyetake,Lowy Limousine Service,98839 Hawthorne Blvd #6101,Columbia,http://www.lowylimousineservice.com,SC,29201,803-681-3678,sabra@uyetake.org,803-925-5213,Richland
Marjory,Mastella,Vicon Corporation,71 San Mateo Ave,Wayne,Delaware,PA,19087,610-814-5533,610-379-7125,mmastella@mastella.com,http://www.viconcorporation.com
Karl,908-470-4661,"Rossi Michael M",76 Brooks St #9,karl_klonowski@yahoo.com,Hunterdon,NJ,8822,http://www.rossimichaelm.com,Klonowski,Flemington,908-877-6135
Tonette,Wenner,Northwest Publishing,516-333-4861,Westbury,Nassau,NY,twenner@aol.com,516-968-6051,http://www.northwestpublishing.com,11590,4545 Courthouse Rd
Amber,amber_monarrez@monarrez.org,Branford Wire & Mfg Co,14288 Foster Ave #4121,Jenkintown,215-329-6386,PA,19046,215-934-8655,Montgomery,http://www.branfordwiremfgco.com,Monarrez
Shenika,818-749-8650,East Coast Marketing,4 Otis St,http://www.eastcoastmarketing.com,Los Angeles,CA,91405,shenika@gmail.com,Seewald,818-423-4007,Van Nuys
Delmy,Ahle,401-559-8961,delmy.ahle@hotmail.com,Providence,http://www.wyetechnologiesinc.com,RI,2909,401-458-2547,Wye Technologies Inc,65895 S 16th St,Providence
215-417-9563,Juhas,"Healy George W Iv",http://www.healygeorgewiv.com,Huntingdon Valley,Montgomery,PA,19006,215-211-9589,deeanna_juhas@gmail.com,Deeanna,14302 Pennsylvania Ave
Blondell,Pugh,Alpenlite Inc,201 Hawk Ct,Providence,Providence,RI,2904,401-960-8259,401-300-8122,bpugh@aol.com,http://www.alpenliteinc.com
732-904-2931,https://www.hubbardbruceesq.com,"Hubbard Bruce Esq",53075 Sw 152nd Ter #615,Monroe Township,Middlesex,jamal@vanausdal.org,8831,732-234-1546,Jamal,NJ,Vanausdal
Cecily,512-861-3814,Arthur A Oliver & Son Inc,http://www.arthuraoliversoninc.com,Austin,Travis,cecily@hollack.org,78731,512-486-3817,Hollack,TX,59 N Groesbeck Hwy
carmelina_lindall@lindall.com,Lindall,George Jessop Carter Jewelers,2664 Lewis Rd,Littleton,Douglas,303-874-5160,80126,303-724-7371,CO,http://www.georgejessopcarterjewelers.com,Carmelina
414-573-7719,Yglesias,"Schultz Thomas C Md",59 Shady Ln #53,Milwaukee,Milwaukee,maurine_yglesias@yglesias.com,53214,414-748-1374,http://www.schultzthomascmd.com,WI,Maurine
tawna@gmail.com,Buvens,H H H Enterprises Inc,3305 Nabell Ave #679,New York,New York,212-462-9157,10009,212-674-9610,http://www.hhhenterprisesinc.com,Tawna,NY
Penney,Weight,Hawaiian King Hotel,18 Fountain St,Anchorage,http://www.hawaiiankinghotel.com,AK,907-873-2882,907-797-9628,penney_weight@aol.com,99515,Anchorage
elly_morocco@gmail.com,Morocco,Killion Industries,http://www.killionindustries.com,Erie,Erie,PA,16502,814-420-3553,814-393-5571,Elly,7 W 32nd St
Ilene,Eroman,"Robinson William J Esq",410-937-4543,http://www.robinsonwilliamjesq.com,Anne Arundel,MD,ilene.eroman@hotmail.com,410-914-9018,2853 S Central Expy,21061,Glen Burnie
Vallie,Mondella,Private Properties,74 W College St,208-737-8439,Ada,vmondella@mondella.com,83707,208-862-5339,http://www.privateproperties.com,ID,Boise
Kallie,415-604-7609,http://www.rowleyschlimgeninc.com,701 S Harrison Rd,kallie.blackwood@gmail.com,San Francisco,CA,94104,415-315-2761,Blackwood,San Francisco,Rowley Schlimgen Inc
Johnetta,Abdallah,Forging Specialties,johnetta_abdallah@aol.com,Chapel Hill,Orange,NC,919-715-3791,http://www.forgingspecialties.com,27514,1088 Pinehurst St,919-225-9345
Bobbye,Rhym,"Smits Patricia Garity",30 W 80th St #1995,San Carlos,San Mateo,CA,94070,650-528-5783,650-811-9032,brhym@rhym.com,http://www.smitspatriciagarity.com
Micaela,Rhymes,H Lee Leonard Attorney At Law,20932 Hedley St,925-522-7798,Contra Costa,micaela_rhymes@gmail.com,94520,925-647-3298,http://www.hleeleonardattorneyatlaw.com,CA,Concord
Tamar,740-526-5410,A K Construction Co,2737 Pistorio Rd #9230,London,Madison,OH,http://www.akconstructionco.com,tamar@hotmail.com,Hoogland,740-343-8575,43140
Moon,moon@yahoo.com,"Ambelang Jessica M Md",74989 Brandon St,Wellsville,585-498-4278,NY,14895,585-866-8313,http://www.ambelangjessicammd.com,Parlato,Allegany
laurel_reitler@reitler.com,Reitler,Q A Service,6 Kains Ave,Baltimore,Baltimore City,410-957-6903,21215,http://www.qaservice.com,MD,Laurel,410-520-4832
Delisa,Crupi,Wood & Whitacre Contractors,47565 W Grand Ave,Newark,Essex,NJ,7105,973-354-2040,973-847-9611,delisa.crupi@crupi.com,http://www.woodwhitacrecontractors.com
Viva,viva.toelkes@gmail.com,http://www.markivpressltd.com,4284 Dorigo Ln,Chicago,Cook,773-352-3437,60647,773-446-5569,IL,Toelkes,Mark Iv Press Ltd
Elza,http://www.museumofscienceindustry.com,Museum Of Science & Industry,elza@yahoo.com,Newark,Essex,NJ,7104,973-796-3667,973-927-3447,6794 Lake Dr E,Lipke
Devorah,505-950-1763,devorah@hotmail.com,31 Douglas Blvd #950,Clovis,Curry,NM,88101,505-975-8559,Chickering,http://www.garrisonind.com,Garrison Ind
718-654-7063,http://www.saronixnymphproducts.com,Saronix Nymph Products,44 W 4th St,timothy_mulqueen@mulqueen.org,Richmond,NY,10309,718-332-6527,Timothy,Staten Island,Mulqueen
Arlette,ahoneywell@honeywell.com,Smc Inc,904-514-9918,Jacksonville,Duval,FL,http://www.smcinc.com,904-775-4480,11279 Loytan St,Honeywell,32254
Dominque,Dickerson,http://www.eaielectronicassocsinc.com,69 Marquette Ave,Hayward,Alameda,dominque.dickerson@dickerson.org,510-901-7640,510-993-3758,94545,CA,E A I Electronic Assocs Inc
Lettie,Isenhower,"Conte Christopher A Esq",70 W Main St,Beachwood,Cuyahoga,OH,44122,216-657-7668,216-733-8494,lettie_isenhower@yahoo.com,http://www.contechristopheraesq.com
mmunns@cox.net,Munns,Anker Law Office,461 Prospect Pl #316,Euless,Tarrant,TX,http://www.ankerlawoffice.com,817-451-3518,817-914-7518,Myra,76040
http://www.beutelschiescompany.com,Barfield,Beutelschies & Company,stephaine@barfield.com,Gardena,Los Angeles,CA,90247,310-968-1219,310-774-7643,47154 Whipple Ave Nw,Stephaine
Lai,lai.gato@gato.org,"Fligg Kenneth I Jr",37 Alabama Ave,Evanston,http://www.fliggkennethijr.com,IL,847-957-4614,847-728-7286,60201,Gato,Cook
http://www.sharpjdanielesq.com,Emigh,stephen_emigh@hotmail.com,3777 E Richmond St #900,Akron,330-700-2312,OH,44302,330-537-5358,Summit,"Sharp J Daniel Esq",Stephen
Tyra,Shields,http://www.assinkannehesq.com,3 Fort Worth Ave,Philadelphia,tshields@gmail.com,PA,215-228-8264,215-255-1641,19106,Philadelphia,"Assink Anne H Esq"
Tammara,Wardrip,Jewel My Shop Inc,4800 Black Horse Pike,http://www.jewelmyshopinc.com,San Mateo,650-216-5075,94010,650-803-1936,twardrip@cox.net,CA,Burlingame
Cory,http://www.chinesetranslationresources.com,Chinese Translation Resources,83649 W Belmont Ave,San Gabriel,626-696-2777,cory.gibes@gmail.com,91776,626-572-1096,Los Angeles,CA,Gibes
Danica,Bruschke,"Stevens Charles T",840 15th Ave,Waco,danica_bruschke@gmail.com,TX,76708,254-205-1422,254-782-8569,http://www.stevenscharlest.com,McLennan
907-914-9482,Giguere,"Mclaughlin Luther W Cpa",1747 Calle Amanecer #2,Anchorage,Anchorage,AK,99501,wilda@cox.net,Wilda,http://www.mclaughlinlutherwcpa.com,907-870-5536
Elvera,Benimadho,elvera.benimadho@cox.net,99385 Charity St #840,San Jose,Santa Clara,408-440-8447,https://www.treemusketeers.com,408-703-8505,CA,Tree Musketeers,95110
510-452-4835,Vanheusen,Springfield Div Oh Edison Co,68556 Central Hwy,San Leandro,Alameda,carma@cox.net,94577,510-503-7169,Carma,http://www.springfielddivohedisonco.com,CA
Malinda,317-472-2412,Logan Memorial Hospital,55 Riverside Ave,http://www.loganmemorialhospital.com,Marion,IN,malinda.hochard@yahoo.com,317-722-5066,Hochard,46202,Indianapolis
307-279-3793,http://www.kellycharlesgesq.com,"Kelly Charles G Esq",7140 University Ave,Rock Springs,Sweetwater,natalie.fern@hotmail.com,82901,307-704-8713,Natalie,WY,Fern
Lisha,703-475-7568,Industrial Paper Shredders Inc,64 5th Ave #1153,http://www.industrialpapershreddersinc.com,Fairfax,VA,lisha@centini.org,703-235-3937,Centini,22102,Mc Lean
Arlene,Klusman,Beck Horizon Builders,504-946-1807,arlene_klusman@gmail.com,Orleans,LA,70112,504-710-5840,3 Secor Rd,http://www.beckhorizonbuilders.com,New Orleans
Alease,Buemi,Porto Cayo At Hawks Cay,303-521-9860,Boulder,http://www.portocayoathawkscay.com,CO,80303,alease@buemi.com,4 Webbs Chapel Rd,303-301-4946,Boulder
Louisa,louisa@cronauer.com,Pacific Grove Museum Ntrl Hist,524 Louisiana Ave Nw,San Leandro,510-472-7758,CA,94577,http://www.pacificgrovemuseumntrlhist.com,Alameda,Cronauer,510-828-7047
http://www.benderhatleypc.com,angella.cetta@hotmail.com,Bender & Hatley Pc,808-475-2310,Honolulu,Honolulu,HI,96817,808-892-7943,185 Blackstone Bldge,Cetta,Angella
Cyndy,Goldammer,http://www.dicristinajson.com,170 Wyoming Ave,Burnsville,952-938-9457,MN,55337,cgoldammer@cox.net,Dakota,952-334-9408,Di Cristina J & Son
336-497-4407,rosio.cork@gmail.com,Green Goddess,4 10th St W,http://www.greengoddess.com,Guilford,NC,27263,336-243-5659,Rosio,Cork,High Point
Celeste,Korando,ckorando@hotmail.com,7 W Pinhook Rd,Lynbrook,516-365-7266,http://www.americanartsgraphics.com,11563,516-509-2347,Nassau,American Arts & Graphics,NY
Twana,Felger,Opryland Hotel,1 Commerce Way,503-909-7167,twana.felger@felger.org,OR,97224,503-939-3153,Portland,http://www.oprylandhotel.com,Washington
Estrella,Samu,608-942-8836,64 Lakeview Ave,Beloit,Rock,http://www.markingdevicespubgco.com,estrella@aol.com,608-976-7199,Marking Devices Pubg Co,53511,WI
dkines@hotmail.com,Kines,W Tc Industries Inc,http://www.wtcindustriesinc.com,Worcester,Worcester,MA,1602,508-843-1426,508-429-8576,Donte,3 Aspen St
Tiffiny,http://www.whitehallrobbinslabsdivsn.com,305-304-6573,32860 Sierra Rd,Miami,Miami-Dade,tiffiny_steffensmeier@cox.net,33133,305-385-9695,Whitehall Robbins Labs Divsn,FL,Steffensmeier
Edna,Miceli,Sampler,555 Main St,Erie,emiceli@miceli.org,814-299-2877,16502,814-460-2655,PA,http://www.sampler.com,Erie
Sue,http://www.junochefsincorporated.com,Juno Chefs Incorporated,2 Se 3rd Ave,Mesquite,Dallas,TX,972-742-4000,sue@aol.com,75149,972-666-3413,Kownacki
Jesusa,Shin,"Carroccio A Thomas Esq",931-739-1551,Tullahoma,Coffee,TN,37388,http://www.carroccioathomasesq.com,jshin@shin.com,2239 Shawnee Mission Pky,931-273-8709
Rolland,Francescon,"Stanley Richard L Esq",rolland@cox.net,973-284-4048,Passaic,NJ,http://www.stanleyrichardlesq.com,973-649-2922,Paterson,2726 Charcot Ave,7501
Pamella,305-575-8481,K Cs Cstm Mouldings Windows,5161 Dorsett Rd,Homestead,Miami-Dade,FL,http://www.kcscstmmouldingswindows.com,pamella.schmierer@schmierer.org,Schmierer,305-420-8970,33030
Glory,Kulzer,410-916-8015,gkulzer@kulzer.org,Owings Mills,Baltimore,MD,21117,410-224-9462,Comfort Inn,http://www.comfortinn.com,55892 Jacksonville Rd
Shawna,Palaspas,805-638-6617,shawna_palaspas@palaspas.org,Thousand Oaks,Ventura,CA,91362,805-275-3566,"Windsor James L Esq",https://www.windsorjameslesq.com,5 N Cleveland Massillon Rd
http://www.jacksonshieldsyeiser.com,Callaro,Jackson Shields Yeiser,brandon_callaro@hotmail.com,Honolulu,Honolulu,HI,96819,808-240-5168,808-215-6832,7 Benton Dr,Brandon
Scarlet,Cartan,http://www.boxjcalvinesq.com,scarlet.cartan@yahoo.com,Albany,229-365-9658,GA,31701,229-735-3378,Dougherty,9390 S Howell Ave,"Box J Calvin Esq"
617-697-6024,Menter,Custom Engineering Inc,oretha_menter@yahoo.com,Boston,Suffolk,MA,2210,617-418-5043,Oretha,http://www.customengineeringinc.com,8 County Center Dr #647
Ty,Smith,Bresler Eitel Framg Gllry Ltd,4646 Kaahumanu St,Hackensack,Bergen,NJ,7601,201-672-1553,201-995-3149,tsmith@aol.com,http://www.breslereitelframggllryltd.com
Xuan,Rochin,"Carol Drake Sparks Esq",xuan@gmail.com,http://www.caroldrakesparksesq.com,San Mateo,CA,94403,650-247-2625,650-933-5072,2 Monroe St,San Mateo
909-589-1693,Dilello,Biltmore Investors Bank,52777 Leaders Heights Rd,Ontario,San Bernardino,http://www.biltmoreinvestorsbank.com,91761,lindsey.dilello@hotmail.com,Lindsey,909-639-9887,CA
Devora,Perez,Desco Equipment Corp,http://www.descoequipmentcorp.com,Oakland,Alameda,510-755-9274,94606,510-955-3016,devora_perez@perez.org,CA,72868 Blackington Ave
Herman,Demesa,hdemesa@cox.net,9 Norristown Rd,Troy,518-931-7852,http://www.merlinelectricco.com,12180,518-497-2940,Rensselaer,Merlin Electric Co,NY
Rory,Papasergi,Bailey Cntl Co Div Babcock,83 County Road 437 #8581,570-469-8401,http://www.baileycntlcodivbabcock.com,PA,rpapasergi@cox.net,570-867-7489,Clarks Summit,18411,Lackawanna
Talia,Riopelle,Ford Brothers Wholesale Inc,1 N Harlem Ave #9,Orange,Essex,NJ,7050,973-245-2133,973-818-9788,talia_riopelle@aol.com,http://www.fordbrotherswholesaleinc.com
Van,Shire,Cambridge Inn,van.shire@shire.com,Pittstown,Hunterdon,NJ,8867,908-448-1209,http://www.cambridgeinn.com,90131 J St,908-409-2890
Lucina,Lary,"Matricciani Albert J Jr",8597 W National Ave,Cocoa,Brevard,FL,32922,321-749-4981,321-632-4668,lucina_lary@cox.net,http://www.matriccianialbertjjr.com
Bok,Isaacs,Nelson Hawaiian Ltd,bok.isaacs@aol.com,Bronx,Bronx,NY,718-478-8568,http://www.nelsonhawaiianltd.com,10468,6 Gilson St,718-809-3762
rolande.spickerman@spickerman.com,Spickerman,Neland Travel Agency,http://www.nelandtravelagency.com,808-526-5863,Honolulu,HI,96782,808-315-3077,Pearl City,Rolande,65 W Maple Ave
Howard,Paulas,"Asendorf J Alan Esq",hpaulas@gmail.com,Denver,Denver,http://www.asendorfjalanesq.com,80231,303-692-3118,303-623-4241,866 34th Ave,CO
Kimbery,Madarang,"Silberman Arthur L Esq",798 Lund Farm Way,Rockaway,Morris,NJ,7866,973-310-1634,973-225-6259,kimbery_madarang@cox.net,http://www.silbermanarthurlesq.com
Thurman,Manno,Honey Bee Breeding Genetics &,thurman.manno@yahoo.com,http://www.honeybeebreedinggenetics.com,Atlantic,609-234-8376,8201,609-524-3586,NJ,9387 Charcot Ave,Absecon
Becky,Mirafuentes,Wells Kravitz Schnitzer,30553 Washington Rd,Plainfield,Union,NJ,7062,908-877-8409,908-426-8272,becky.mirafuentes@mirafuentes.com,http://www.wellskravitzschnitzer.com
Beatriz,508-315-3867,Prohab Rehabilitation Servs,481 W Lemon St,Middleboro,beatriz@yahoo.com,MA,http://www.prohabrehabilitationservs.com,508-584-4279,Corrington,Plymouth,2346
http://www.eldridgekristinkesq.com,Maybury,"Eldridge Kristin K Esq",marti.maybury@yahoo.com,Chicago,Cook,773-539-1058,60638,773-775-4522,IL,4 Warehouse Point Rd #7,Marti
nieves_gotter@gmail.com,503-455-3094,"Vlahos John J Esq",4940 Pulaski Park Dr,Portland,Multnomah,OR,97202,http://www.vlahosjohnjesq.com,Gotter,Nieves,503-527-5274
Leatha,http://www.ninasindiangrsvideos.com,Ninas Indian Grs & Videos,627 Walford Ave,214-225-5850,lhagele@cox.net,TX,75227,214-339-1809,Dallas,Dallas,Hagele
Valentin,Klimek,"Schmid Gayanne K Esq",137 Pioneer Way,Chicago,Cook,312-512-2338,vklimek@klimek.org,312-303-5453,IL,http://www.schmidgayannekesq.com,60604
Melissa,419-254-4591,Moapa Valley Federal Credit Un,http://www.moapavalleyfederalcreditun.com,Findlay,melissa@cox.net,OH,45840,419-939-3613,Wiklund,Hancock,61 13 Stoneridge #835
951-248-6822,Zane,Kentucky Tennessee Clay Co,2409 Alabama Rd,http://www.kentuckytennesseeclayco.com,Riverside,CA,92501,sheridan.zane@zane.com,Sheridan,951-645-3605,Riverside
Bulah,bulah_padilla@hotmail.com,254-816-8417,8927 Vandever Ave,Waco,http://www.admiralpartyrentalssales.com,TX,76707,254-463-4368,Admiral Party Rentals & Sales,Padilla,McLennan
615-448-9249,Kohnert,"Nelson Karolyn King Esq",134 Lewis Rd,audra@kohnert.com,Davidson,TN,37211,615-406-7854,http://www.nelsonkarolynkingesq.com,Nashville,Audra
Daren,Weirather,Panasystems,9 N College Ave #3,Milwaukee,dweirather@aol.com,414-838-3151,53216,414-959-2540,WI,http://www.panasystems.com,Milwaukee
Fernanda,Jillson,"Shank Edward L Esq",http://www.shankedwardlesq.com,fjillson@aol.com,Caroline,MD,410-724-6472,410-387-5260,21655,Preston,60480 Old Us Highway 51
Gearldine,Gellinger,Megibow & Edwards,4 Bloomfield Ave,http://www.megibowedwards.com,972-821-7118,TX,75061,gearldine_gellinger@gellinger.com,Dallas,972-934-6914,Irving
Chau,Kitzman,"Benoff Edward Esq",429 Tiger Ln,Beverly Hills,Los Angeles,CA,90212,310-560-8022,310-969-7230,chau@gmail.com,http://www.benoffedwardesq.com
Theola,Frey,Woodbridge Free Public Library,54169 N Main St,516-357-3362,Nassau,NY,http://www.woodbridgefreepubliclibrary.com,516-948-5768,theola_frey@frey.com,Massapequa,11758
Cheryl,cheryl@haroldson.org,New York Life John Thune,92 Main St,Atlantic City,Atlantic,609-263-9243,8401,http://www.newyorklifejohnthune.com,NJ,Haroldson,609-518-7697
Laticia,Merced,Alinabal Inc,72 Mannix Dr,Cincinnati,Hamilton,OH,513-418-1566,http://www.alinabalinc.com,lmerced@gmail.com,45203,513-508-7371
Carissa,Batman,"Poletto Kim David Esq",12270 Caton Center Dr,Eugene,Lane,OR,97401,541-326-4074,541-801-5717,carissa.batman@yahoo.com,http://www.polettokimdavidesq.com
http://www.changcarolynesq.com,Craghead,"Chang Carolyn Esq",749 W 18th St #45,lezlie.craghead@craghead.org,Johnston,NC,919-885-2453,919-533-3762,27577,Smithfield,Lezlie
oshealy@hotmail.com,Shealy,Silver Bros Inc,8 Industry Ln,New York,New York,212-880-8865,10002,212-332-8435,http://www.silverbrosinc.com,Ozell,NY
http://www.newtecinc.com,arminda@parvis.com,Newtec Inc,1 Huntwood Ave,Phoenix,Maricopa,602-277-3025,85017,602-906-9419,AZ,Parvis,Arminda
Reita,http://www.creativebusinesssystems.com,Creative Business Systems,55262 N French Rd,reita.leto@gmail.com,Marion,317-787-5514,46240,317-234-1135,IN,Indianapolis,Leto
Yolando,Luczki,Dal Tile Corporation,http://www.daltilecorporation.com,yolando@cox.net,Onondaga,315-640-6357,13214,315-304-4759,NY,Syracuse,422 E 21st St
Lizette,856-702-3676,Edward S Katz,501 N 19th Ave,lizette.stem@aol.com,Camden,NJ,8002,856-487-5412,Stem,http://www.edwardskatz.com,Cherry Hill
Gregoria,Pawlowicz,Oh My Goodknits Inc,455 N Main Ave,https://www.ohmygoodknitsinc.com,Nassau,NY,516-376-4230,gpawlowicz@yahoo.com,11530,516-212-1915,Garden City
http://www.redekerdebbie.com,Deleo,"Redeker Debbie",cdeleo@deleo.com,Little Rock,Pulaski,AR,72202,501-409-6072,501-308-1040,1844 Southern Blvd,Carin
Chantell,Maynerich,Desert Sands Motel,651-776-9688,http://www.desertsandsmotel.com,chantell@yahoo.com,MN,55101,651-591-2583,2023 Greg St,Ramsey,Saint Paul
http://www.cumminssouthernplainsinc.com,Yum,Cummins Southern Plains Inc,63381 Jenks Ave,215-346-4666,Philadelphia,PA,19134,215-325-3042,dyum@yahoo.com,Philadelphia,Dierdre
larae_gudroe@gmail.com,Gudroe,Lehigh Furn Divsn Lehigh,985-261-5783,http://www.lehighfurndivsnlehigh.com,Terrebonne,LA,70360,985-890-7262,6651 Municipal Rd,Larae,Houma
631-998-2102,Tolfree,United Van Lines Agent,81 Norris Ave #525,Ronkonkoma,Suffolk,latrice.tolfree@hotmail.com,http://www.unitedvanlinesagent.com,631-957-7624,Latrice,NY,11779
Kerry,Theodorov,http://www.capitolreporters.com,6916 W Main St,Sacramento,916-770-7448,CA,kerry.theodorov@gmail.com,916-591-3277,Sacramento,95827,Capitol Reporters
dhidvegi@yahoo.com,Hidvegi,Kwik Kopy Printing,9635 S Main St,208-690-3315,http://www.kwikkopyprinting.com,ID,83704,208-649-2373,Boise,Dorthy,Ada
Fannie,Lungren,http://www.centroinc.com,512-528-9933,Round Rock,fannie.lungren@yahoo.com,TX,78664,512-587-5746,17 Us Highway 111,Williamson,Centro Inc
http://www.campbelljanesq.com,Radde,evangelina@aol.com,992 Civic Center Dr,215-417-5612,Philadelphia,PA,19123,215-964-3284,Philadelphia,"Campbell Jan Esq",Evangelina
Novella,http://www.evansckellyesq.com,"Evans C Kelly Esq",303 N Radcliffe St,Hilo,Hawaii,novella_degroot@degroot.org,96720,808-746-1865,808-477-4775,HI,Degroot
775-848-9135,Hoa,Scat Enterprises,73 Saint Ann St #86,choa@hoa.org,Washoe,NV,http://www.scatenterprises.com,775-501-8109,Clay,Reno,89502
Jennifer,Fallick,"Nagle Daniel J Esq",http://www.nagledanieljesq.com,jfallick@yahoo.com,Cook,IL,847-800-3054,847-979-9545,60090,Wheeling,44 58th St
Irma,Wolfgramm,973-868-8660,9745 W Main St,Randolph,http://www.serendiquitybedbreakfast.com,NJ,7869,973-545-7355,irma.wolfgramm@hotmail.com,Serendiquity Bed & Breakfast,Morris
Eun,Coody,Ray Carolyne Realty,84 Bloomfield Ave,Spartanburg,Spartanburg,SC,29301,864-256-3620,864-594-4578,eun@yahoo.com,http://www.raycarolynerealty.com
http://www.bergcharlese.com,Cousey,sylvia_cousey@cousey.org,287 Youngstown Warren Rd,Hampstead,Carroll,410-863-8263,21074,410-209-9545,MD,"Berg Charles E",Sylvia
Nana,Wrinkles,"Ray Milbern D",6 Van Buren St,Mount Vernon,Westchester,NY,10553,914-855-2115,914-796-3775,nana@aol.com,http://www.raymilbernd.com
212-253-7448,Springe,Chadds Ford Winery,229 N Forty Driv,New York,New York,layla.springe@cox.net,http://www.chaddsfordwinery.com,212-260-3151,Layla,NY,10011
Joesph,Degonia,A R Packaging,http://www.arpackaging.com,Berkeley,Alameda,CA,510-942-5916,510-677-9785,joesph_degonia@degonia.org,94710,2887 Knowlton St #5435
Annabelle,Boord,978-289-7717,523 Marquette Ave,http://www.cornpopper.com,annabelle.boord@cox.net,MA,1742,978-697-6263,Corn Popper,Middlesex,Concord
Stephaine,Vinning,Birite Foodservice Distr,3717 Hamann Industrial Pky,http://www.biritefoodservicedistr.com,stephaine@cox.net,CA,415-712-9530,415-767-6596,94104,San Francisco,San Francisco
Nelida,201-247-8925,Anchorage Museum Of Hist & Art,nelida@gmail.com,Paramus,Bergen,NJ,7652,http://www.anchoragemuseumofhistart.com,Sawchuk,3 State Route 35 S,201-971-1638
Marguerita,Hiatt,"Haber George D Md",82 N Highway 67,marguerita.hiatt@gmail.com,Contra Costa,CA,925-541-8521,http://www.habergeorgedmd.com,94561,Oakley,925-634-7158
Carmela,Cookey,Royal Pontiac Olds Inc,9 Murfreesboro Rd,Chicago,Cook,IL,60623,773-494-4195,773-297-9391,ccookey@cookey.org,http://www.royalpontiacoldsinc.com
Junita,Brideau,Leonards Antiques Inc,6 S Broadway St,Cedar Grove,Essex,NJ,7009,973-943-3423,973-582-5469,jbrideau@aol.com,http://www.leonardsantiquesinc.com
Claribel,Varriano,419-573-2033,6 Harry L Dr #6327,Perrysburg,Wood,http://www.meca.com,43551,claribel_varriano@cox.net,Meca,419-544-4900,OH
Benton,Skursky,Nercon Engineering & Mfg Inc,47939 Porter Ave,Gardena,Los Angeles,CA,90248,310-579-2907,310-694-8466,benton.skursky@aol.com,http://www.nerconengineeringmfginc.com
Hillary,Skulski,Replica I,9 Wales Rd Ne #914,Homosassa,Citrus,FL,34448,352-242-2570,352-990-5946,hillary.skulski@aol.com,http://www.replicai.com
Merilyn,Bayless,20 20 Printing Inc,http://www.printinginc.com,408-346-2180,Santa Clara,merilyn_bayless@cox.net,95054,408-758-5015,Santa Clara,CA,195 13n N
Teri,Ennaco,Publishers Group West,tennaco@gmail.com,Hazleton,570-355-1665,PA,18201,http://www.publishersgroupwest.com,Luzerne,99 Tank Farm Rd,570-889-5187
Merlyn,Lawler,"Nischwitz Jeffrey L Esq",4671 Alemany Blvd,Jersey City,Hudson,201-858-9960,merlyn_lawler@hotmail.com,http://www.nischwitzjeffreylesq.com,NJ,7304,201-588-7810
gmontezuma@cox.net,http://www.paynebladeswellbornpa.com,Payne Blades & Wellborn Pa,98 University Dr,San Ramon,Contra Costa,CA,925-943-3449,925-615-5185,94583,Georgene,Montezuma
http://www.coldwellbnkrwrightrealest.com,Mconnell,Coldwell Bnkr Wright Real Est,50 E Wacker Dr,908-602-5258,jmconnell@hotmail.com,NJ,8807,908-802-3564,Bridgewater,Somerset,Jettie
Lemuel,631-291-4976,http://www.computerrepairservice.com,70 Euclid Ave #722,Bohemia,Suffolk,NY,11716,631-748-6479,lemuel.latzke@gmail.com,Latzke,Computer Repair Service
http://www.fleetwoodbuildingblockinc.com,Knipp,Fleetwood Building Block Inc,326 E Main St #6496,Thousand Oaks,Ventura,CA,mknipp@gmail.com,805-810-8964,805-690-1682,91362,Melodie
Candida,Corbley,Colts Neck Medical Assocs Inc,406 Main St,908-943-6103,http://www.coltsneckmedicalassocsinc.com,NJ,candida_corbley@hotmail.com,908-275-8357,Somerville,8876,Somerset
Karan,Karpin,New England Taxidermy,3 Elmwood Dr,Beaverton,Washington,OR,97005,503-940-8327,503-707-5812,karan_karpin@gmail.com,http://www.newenglandtaxidermy.com
Andra,Scheyer,"Ludcke George O Esq",9 Church St,Salem,http://www.ludckegeorgeoesq.com,503-950-3068,97302,503-516-2189,andra@gmail.com,OR,Marion
Felicidad,Poullion,"Mccorkle Tom S Esq",9939 N 14th St,Riverton,Burlington,fpoullion@poullion.com,8077,856-828-6021,856-305-9731,http://www.mccorkletomsesq.com,NJ
770-802-4003,Strassner,Eagle Software Inc,5384 Southwyck Blvd,belen_strassner@aol.com,http://www.eaglesoftwareinc.com,GA,30135,770-507-8791,Belen,Douglasville,Douglas
Gracia,904-627-4341,http://www.juvenileadultsuper.com,97 Airport Loop Dr,Jacksonville,Duval,FL,32216,gracia@melnyk.com,Melnyk,904-235-3633,Juvenile & Adult Super
Jolanda,Hanafan,"Perez Joseph J Esq",37855 Nolan Rd,Bangor,Penobscot,ME,4401,207-458-9196,207-233-6185,jhanafan@gmail.com,http://www.perezjosephjesq.com
Barrett,http://www.casefoundationco.com,Case Foundation Co,4252 N Washington Ave #9,Kennedale,barrett.toyama@toyama.org,TX,817-577-6151,817-765-5781,76060,Tarrant,Toyama
Helga,Fredicks,716-854-9845,42754 S Ash Ave,Buffalo,Erie,NY,http://www.eisenvironmentalengrsinc.com,helga_fredicks@yahoo.com,Eis Environmental Engrs Inc,716-752-4114,14228
http://www.artcrafters.com,Pinilla,Art Crafters,703 Beville Rd,apinilla@cox.net,305-857-5489,FL,33054,305-670-9628,Miami-Dade,Opa Locka,Ashlyn
Fausto,Agramonte,http://www.marriotthotelsresortssuites.com,212-778-3063,New York,New York,NY,fausto_agramonte@yahoo.com,212-313-1783,5 Harrison Rd,10038,Marriott Hotels Resorts Suites
Ronny,215-511-3531,Remaco Inc,73 Southern Blvd,ronny.caiafa@caiafa.org,Philadelphia,PA,http://www.remacoinc.com,215-605-7570,Caiafa,Philadelphia,19103
Marge,Limmel,http://www.bjorkrobertdjr.com,189 Village Park Rd,850-330-8079,Okaloosa,FL,32536,marge@gmail.com,Crestview,850-430-1663,"Bjork Robert D Jr"
415-874-2984,Waymire,"Carmichael Jeffery L Esq",http://www.carmichaeljefferylesq.com,San Francisco,San Francisco,CA,norah.waymire@gmail.com,415-306-7897,Norah,94107,6 Middlegate Rd #106
Aliza,Baltimore,"Andrews J Robert Esq",1128 Delaware St,San Jose,Santa Clara,CA,95132,408-504-3552,408-425-1994,aliza@aol.com,http://www.andrewsjrobertesq.com
Mozell,Pelkowski,Winship & Byrne,577 Parade St,650-960-1069,San Mateo,http://www.winshipbyrne.com,mpelkowski@pelkowski.org,650-947-1215,South San Francisco,94080,CA
Viola,http://www.burtondavis.com,818-481-5787,70 Mechanic St,Northridge,Los Angeles,viola@gmail.com,91325,818-864-4875,Burton & Davis,CA,Bitsuie
Franklyn,Emard,Olympic Graphic Arts,4379 Highway 116,Philadelphia,Philadelphia,PA,19103,215-558-8189,215-483-3003,femard@emard.com,http://www.olympicgraphicarts.com
Willodean,http://www.magnuson.com,Magnuson,55 Hawthorne Blvd,Lafayette,Lafayette,LA,337-774-7564,337-253-8384,willodean_konopacki@konopacki.org,70506,Konopacki
Beckie,beckie.silvestrini@silvestrini.com,http://www.aallamericantravelinc.com,7116 Western Ave,Dearborn,Wayne,MI,313-390-7855,313-533-4884,48126,Silvestrini,A All American Travel Inc
Rebecka,Gesick,Polykote Inc,2026 N Plankinton Ave #3,Austin,Travis,TX,78754,512-213-8574,512-693-8345,rgesick@gesick.org,http://www.polykoteinc.com
Frederica,Blunk,Jets Cybernetics,99586 Main St,Dallas,Dallas,TX,75207,214-428-2285,214-529-1949,frederica_blunk@gmail.com,http://www.jetscybernetics.com
Glen,Bartolet,Metlab Testing Services,206-389-1482,Vashon,http://www.metlabtestingservices.com,WA,98070,glen_bartolet@hotmail.com,8739 Hudson St,206-697-5796,King
http://www.kellermannwilliamtesq.com,Gochal,"Kellermann William T Esq",383 Gunderman Rd #197,Coatesville,Chester,PA,610-752-2683,610-476-3501,freeman_gochal@aol.com,19320,Freeman
215-829-4221,Meinerding,"Arturi Peter D Esq",4441 Point Term Mkt,vincent.meinerding@hotmail.com,Philadelphia,PA,19143,215-372-1718,http://www.arturipeterdesq.com,Philadelphia,Vincent
http://www.mcauleymfgco.com,Bevelacqua,Mcauley Mfg Co,2972 Lafayette Ave,rima@cox.net,Los Angeles,CA,90248,310-499-4200,310-858-5079,Gardena,Rima
Glendora,gsarbacher@gmail.com,Defur Voran Hanley Radcliff,2140 Diamond Blvd,Rohnert Park,http://www.defurvoranhanleyradcliff.com,CA,94928,707-881-3154,707-653-8214,Sarbacher,Sonoma
Avery,407-945-8566,Dill Dill Carr & Stonbraker Pc,93 Redmond Rd #492,Orlando,Orange,FL,32803,407-808-9439,avery@cox.net,http://www.dilldillcarrstonbrakerpc.com,Steier
760-465-4762,Lother,http://www.kleensteel.com,3989 Portage Tr,Escondido,San Diego,CA,92025,760-971-4322,cristy@lother.com,Cristy,Kleensteel
nicolette_brossart@brossart.com,Brossart,Goulds Pumps Inc Slurry Pump,http://www.gouldspumpsincslurrypump.com,508-504-6388,Worcester,MA,1581,508-837-9230,Westborough,Nicolette,1 Midway Rd
Tracey,Modzelewski,936-988-8171,77132 Coon Rapids Blvd Nw,Conroe,Montgomery,TX,77301,http://www.kansascityinsurancereport.com,tracey@hotmail.com,Kansas City Insurance Report,936-264-9294
414-411-5744,Tegarden,Berhanu International Foods,755 Harbor Way,Milwaukee,http://www.berhanuinternationalfoods.com,WI,53226,414-214-8697,virgina_tegarden@tegarden.com,Virgina,Milwaukee
Tiera,Frankel,tfrankel@aol.com,87 Sierra Rd,626-638-4241,Los Angeles,CA,http://www.rolandashcroft.com,626-636-4117,El Monte,Roland Ashcroft,91731
Alaine,Bergesen,Hispanic Magazine,7667 S Hulen St #42,Yonkers,Westchester,NY,10701,914-300-9193,914-654-1426,alaine_bergesen@cox.net,http://www.hispanicmagazine.com
http://www.littlesheetmetalco.com,Mai,214-785-6750,75684 S Withlapopka Dr #32,Dallas,Dallas,TX,75227,214-289-1973,earleen_mai@cox.net,Little Sheet Metal Co,Earleen
Leonida,leonida@gobern.org,"Holmes Armstead J Esq",5 Elmwood Park Blvd,Biloxi,Harrison,MS,228-432-4635,http://www.holmesarmsteadjesq.com,39530,Gobern,228-235-5615
ressie.auffrey@yahoo.com,Auffrey,"Faw James C Cpa",305-287-4743,Miami,Miami-Dade,http://www.fawjamesccpa.com,33134,305-604-8981,23 Palo Alto Sq,Ressie,FL
https://www.evansrulecompany.com,Mugnolo,jmugnolo@yahoo.com,38062 E Main St,New York,New York,212-311-6377,10048,212-304-9225,NY,Evans Rule Company,Justine
Eladia,Saulter,eladia@saulter.com,3958 S Dupont Hwy #7,Ramsey,Bergen,NJ,201-365-8698,201-474-4924,http://www.tyeeproductionsinc.com,Tyee Productions Inc,7446
Chaya,http://www.dunnellsduvall.com,Dunnells & Duvall,560 Civic Center Dr,734-408-8174,Washtenaw,MI,48103,734-928-5182,chaya@malvin.com,Ann Arbor,Malvin
gwenn_suffield@suffield.org,631-295-9879,Deltam Systems Inc,3270 Dequindre Rd,Deer Park,Suffolk,NY,http://www.deltamsystemsinc.com,631-258-6558,Suffield,Gwenn,11729
Salena,Karpel,http://www.hammillmfgco.com,1 Garfield Ave #7,Canton,330-618-2579,skarpel@cox.net,44707,330-791-8557,Stark,OH,Hammill Mfg Co
Yoko,http://www.samscornerstore.com,203-840-8634,9122 Carpenter Ave,yoko@fishburne.com,New Haven,CT,6511,203-506-4706,Sams Corner Store,New Haven,Fishburne
Taryn,taryn.moyd@hotmail.com,"Siskin Mark J Esq",48 Lenox St,Fairfax,Fairfax City,http://www.siskinmarkjesq.com,703-938-7939,703-322-4041,22030,Moyd,VA
Katina,978-679-7429,Cape & Associates Real Estate,5 Little River Tpke,Wilmington,katina_polidori@aol.com,MA,1887,978-626-2978,http://www.capeassociatesrealestate.com,Middlesex,Polidori
Rickie,Plumer,Merrill Lynch,3 N Groesbeck Hwy,Toledo,419-313-5571,OH,43613,rickie.plumer@aol.com,Lucas,http://www.merrilllynch.com,419-693-1334
Alex,alex@loader.com,"Sublett Scott Esq",37 N Elm St #916,Tacoma,Pierce,WA,253-875-9222,http://www.sublettscottesq.com,98409,Loader,253-660-7821
Lashon,http://www.sentrysigns.com,Sentry Signs,433 Westminster Blvd #590,Roseville,Placer,lashon@aol.com,916-289-4526,916-741-7884,95661,CA,Vizarro
Lauran,lburnard@burnard.com,307-453-7589,66697 Park Pl #3224,Riverton,Fremont,http://www.professionalsunlimited.com,82501,307-342-7795,Professionals Unlimited,Burnard,WY
Ceola,Setter,Southern Steel Shelving Co,ceola.setter@setter.org,Warren,207-297-5029,http://www.southernsteelshelvingco.com,4864,207-627-7565,Knox,96263 Greenwood Pl,ME
My,Rantanen,"Bosco Paul J",8 Mcarthur Ln,Richboro,Bucks,PA,215-647-2158,my@hotmail.com,18954,http://www.boscopaulj.com,215-491-5633
Lorrine,Worlds,"Longo Nicholas J Esq",8 Fair Lawn Ave,813-863-6467,Hillsborough,FL,lorrine.worlds@worlds.com,813-769-2939,Tampa,http://www.longonicholasjesq.com,33614
Peggie,Sturiale,Henry County Middle School,9 N 14th St,El Cajon,San Diego,CA,92020,619-608-1763,619-695-8086,peggie@cox.net,http://www.henrycountymiddleschool.com
http://www.edisonsupplyequipmentco.com,Raymo,Edison Supply & Equipment Co,9 Vanowen St,College Station,Brazos,mraymo@yahoo.com,979-809-5770,979-718-8968,77840,TX,Marvel
Daron,Dinos,"Wolf Warren R Esq",18 Waterloo Geneva Rd,Highland Park,Lake,IL,60035,847-233-3075,847-265-6609,daron_dinos@cox.net,http://www.wolfwarrenresq.com
an_fritz@hotmail.com,Fritz,http://www.linguisticsystemsinc.com,506 S Hacienda Dr,Atlantic City,Atlantic,NJ,8401,609-854-7156,609-228-5265,An,Linguistic Systems Inc
Portia,Stimmel,Peace Christian Center,3732 Sherman Ave,http://www.peacechristiancenter.com,908-670-4712,NJ,portia.stimmel@aol.com,908-722-7128,Somerset,8807,Bridgewater
Rhea,http://www.doublebfoodsinc.com,Double B Foods Inc,718-280-4183,rhea_aredondo@cox.net,Kings,NY,11226,718-560-9537,25657 Live Oak St,Brooklyn,Aredondo
Benedict,Sama,http://www.alexanderalexanderinc.com,4923 Carey Ave,Saint Louis,314-858-4832,MO,bsama@cox.net,314-787-1588,Saint Louis City,63104,Alexander & Alexander Inc
Alyce,209-242-7022,Fairbanks Scales,3196 S Rider Trl,Stockton,alyce@arias.org,http://www.fairbanksscales.com,95207,209-317-1801,Arias,San Joaquin,CA
Heike,http://www.calisportswearcuttingdept.com,heike@gmail.com,973-822-8827,Little Falls,Passaic,NJ,7424,973-936-5095,3 Railway Ave #75,Cali Sportswear Cutting Dept,Berganza
Carey,Dopico,"Garofani John Esq",87393 E Highland Rd,Indianapolis,carey_dopico@dopico.org,317-441-5848,46220,317-578-2453,IN,http://www.garofanijohnesq.com,Marion
Dottie,Hellickson,Thompson Fabricating Co,http://www.thompsonfabricatingco.com,Seattle,206-295-5631,WA,dottie@hellickson.org,206-540-6076,King,98133,67 E Chestnut Hill Rd
Deandrea,Hughey,Century 21 Krall Real Estate,http://www.centurykrallrealestate.com,336-467-3095,Alamance,NC,27215,336-822-7652,deandrea@yahoo.com,Burlington,33 Lewis Rd #46
Kimberlie,http://www.midcontntlrltypropmgmt.com,Mid Contntl Rlty & Prop Mgmt,8100 Jacksonville Rd #7,Hays,Ellis,kimberlie_duenas@yahoo.com,785-616-1685,785-629-8542,67601,KS,Duenas
Martina,Staback,Ace Signs Inc,martina_staback@staback.com,Orlando,http://www.acesignsinc.com,407-429-2145,32822,407-471-6908,FL,7 W Wabansia Ave #227,Orange
skye_fillingim@yahoo.com,Fillingim,Rodeway Inn,612-664-6304,http://www.rodewayinn.com,Hennepin,MN,55401,612-508-2655,25 Minters Chapel Rd #9,Skye,Minneapolis
Jade,Farrar,803-975-3405,6882 Torresdale Ave,Columbia,jade.farrar@yahoo.com,SC,29201,803-352-5387,Bonnet & Daughter,http://www.bonnetdaughter.com,Richland
charlene.hamilton@hotmail.com,Hamilton,Oshins & Gibbons,985 E 6th Ave,707-821-8037,Sonoma,CA,http://www.oshinsgibbons.com,707-300-1771,Santa Rosa,Charlene,95407
847-556-2909,Acey,Price Business Services,7 West Ave #1,Palatine,Cook,IL,60067,http://www.pricebusinessservices.com,geoffrey@gmail.com,Geoffrey,847-222-1734
Stevie,http://www.wisedenniswmd.com,"Wise Dennis W Md",26659 N 13th St,Costa Mesa,Orange,CA,stevie.westerbeck@yahoo.com,949-903-3898,949-867-4077,92626,Westerbeck
Pamella,Fortino,Super 8 Motel,669 Packerland Dr #1438,Denver,Denver,303-794-1341,pamella@fortino.com,303-404-2210,http://www.supermotel.com,80212,CO
Harrison,Haufler,John Wagner Associates,hhaufler@hotmail.com,http://www.johnwagnerassociates.com,New Haven,203-801-8497,6515,203-801-6193,CT,759 Eldora St,New Haven
Johnna,Engelberg,jengelberg@engelberg.org,425-700-3751,Bothell,Snohomish,WA,98021,https://www.thriftyoilco.com,5 S Colorado Blvd #449,Thrifty Oil Co,425-986-7573
Buddy,Cloney,Larkfield Photo,http://www.larkfieldphoto.com,Strongsville,Cuyahoga,OH,440-327-2093,buddy.cloney@yahoo.com,44136,440-989-5826,944 Gaither Dr
Dalene,603-745-7497,Silverman Planetarium,66552 Malone Rd,Plaistow,Rockingham,dalene.riden@aol.com,3865,http://www.silvermanplanetarium.com,Riden,NH,603-315-6839
321-597-2159,Zurcher,J & F Lumber,77 Massillon Rd #822,Satellite Beach,jzurcher@zurcher.org,FL,32937,http://www.jflumber.com,Jerry,Brevard,321-518-5938
Haydee,Denooyer,Cleaning Station Inc,25346 New Rd,New York,New York,NY,10016,212-792-8658,212-782-3493,hdenooyer@denooyer.org,http://www.cleaningstationinc.com
Joseph,Cryer,Ames Stationers,60 Fillmore Ave,714-698-2170,Orange,http://www.amesstationers.com,92647,714-584-2237,joseph_cryer@cox.net,Huntington Beach,CA
Deonna,Kippley,Midas Muffler Shops,57 Haven Ave #90,Southfield,deonna_kippley@hotmail.com,248-793-4966,48075,248-913-4677,http://www.midasmufflershops.com,Oakland,MI
Raymon,Calvaresi,raymon.calvaresi@gmail.com,6538 E Pomona St #60,Indianapolis,Marion,317-342-1532,46222,317-825-4724,IN,http://www.seaboardsecuritiesinc.com,Seaboard Securities Inc
Alecia,Bubash,"Petersen James E Esq",6535 Joyce St,Wichita Falls,Wichita,TX,76301,940-276-7922,940-302-3036,alecia@aol.com,http://www.petersenjameseesq.com
Ma,Layous,Development Authority,203-564-1543,mlayous@hotmail.com,http://www.developmentauthority.com,CT,6473,203-721-3388,78112 Morris Ave,North Haven,New Haven
detra@aol.com,Coyier,Schott Fiber Optics Inc,http://www.schottfiberopticsinc.com,Aberdeen,Harford,MD,410-259-2118,410-739-9277,21001,Detra,96950 Hidden Ln
http://www.stuartjagins.com,Rodeigues,terrilyn.rodeigues@cox.net,3718 S Main St,New Orleans,Orleans,504-635-8518,70130,504-463-4384,LA,Stuart J Agins,Terrilyn
Salome,Lacovara,Mitsumi Electronics Corp,9677 Commerce Dr,Richmond,Richmond City,VA,23219,804-550-5097,804-858-1011,slacovara@gmail.com,http://www.mitsumielectronicscorp.com
Garry,Keetch,Italian Express Franchise Corp,215-846-9046,http://www.italianexpressfranchisecorp.com,garry_keetch@hotmail.com,PA,18966,215-979-8776,5 Green Pond Rd #4,Bucks,Southampton
Matthew,952-906-4597,American Council On Sci & Hlth,636 Commerce Dr #42,mneither@yahoo.com,Scott,MN,55379,952-651-7597,Neither,http://www.americancouncilonscihlth.com,Shakopee
Theodora,Restrepo,"Kleri Patricia S Esq",305-573-1085,Miami,Miami-Dade,FL,theodora.restrepo@restrepo.com,http://www.kleripatriciasesq.com,42744 Hamann Industrial Pky #82,33136,305-936-8226
414-660-9766,Kalafatis,Twiggs Abrams Blanchard,noah.kalafatis@aol.com,Milwaukee,Milwaukee,WI,http://www.twiggsabramsblanchard.com,414-263-5287,Noah,1950 5th Ave,53209
Carmen,Sweigard,Maui Research & Technology Pk,61304 N French Rd,Somerset,Somerset,NJ,8873,732-941-2621,732-445-6940,csweigard@sweigard.com,http://www.mauiresearchtechnologypk.com
lavonda@cox.net,http://www.bradleynameplatecorp.com,Bradley Nameplate Corp,87 Imperial Ct #79,Fargo,Cass,ND,58102,701-421-7080,701-898-2154,Lavonda,Hengel
Junita,Stoltzman,Geonex Martel Inc,94 W Dodge Rd,Carson City,http://www.geonexmartelinc.com,775-578-1214,89701,775-638-9963,junita@aol.com,NV,Carson City
Herminia,Nicolozakes,Sea Island Div Of Fstr Ind Inc,4 58th St #3519,Scottsdale,Maricopa,AZ,85254,602-954-5141,602-304-6433,herminia@nicolozakes.org,http://www.seaislanddivoffstrindinc.com
Casie,Good,"Papay Debbie J Esq",5221 Bear Valley Rd,Nashville,Davidson,TN,37211,615-390-2251,615-825-4297,casie.good@aol.com,http://www.papaydebbiejesq.com
reena@hotmail.com,Maisto,410-951-2667,9648 S Main,Salisbury,http://www.lanepromotions.com,MD,21801,410-351-1863,Lane Promotions,Reena,Wicomico
Mirta,Mallett,mirta_mallett@gmail.com,7 S San Marcos Rd,New York,New York,212-745-6948,10004,212-870-1286,http://www.stephenkennerlyarchtsincpc.com,Stephen Kennerly Archts Inc Pc,NY
http://www.businesssystemsofwisinc.com,Pontoriero,Business Systems Of Wis Inc,812 S Haven St,Amarillo,Randall,806-558-5848,cathrine.pontoriero@pontoriero.com,806-703-1435,TX,79109,Cathrine
ftawil@hotmail.com,Tawil,"Flash Elena Salerno Esq",3882 W Congress St #799,Los Angeles,323-842-8226,CA,90016,http://www.flashelenasalernoesq.com,Los Angeles,Filiberto,323-765-2528
Raul,Upthegrove,"Neeley Gregory W Esq",http://www.neeleygregorywesq.com,La Mesa,619-666-4765,CA,91942,rupthegrove@yahoo.com,San Diego,619-509-5282,4 E Colonial Dr
Sarah,770-531-2842,Alabama Educational Tv Comm,45 2nd Ave #9759,Atlanta,http://www.alabamaeducationaltvcomm.com,sarah.candlish@gmail.com,30328,770-732-1194,Candlish,GA,Fulton
Lucy,http://www.franzinc.com,Franz Inc,57254 Brickell Ave #372,Worcester,Worcester,MA,1602,508-502-5634,lucy@cox.net,508-769-5250,Treston
Judy,Aquas,269-431-9464,8977 Connecticut Ave Nw #3,Niles,Berrien,jaquas@aquas.com,49120,http://www.plantationrestaurant.com,Plantation Restaurant,MI,269-756-7222
973-976-8627,Tjepkema,http://www.radiocommunicationsco.com,9 Waydell St,Fairfield,Essex,NJ,yvonne.tjepkema@hotmail.com,973-714-1721,Yvonne,7004,Radio Communications Co
Kayleigh,kayleigh.lace@yahoo.com,Dentalaw Divsn Hlth Care,43 Huey P Long Ave,http://www.dentalawdivsnhlthcare.com,Lafayette,LA,337-751-2326,337-740-9323,70508,Lace,Lafayette
Felix,Hirpara,felix_hirpara@cox.net,7563 Cornwall Rd #4462,Denver,Lancaster,717-583-1497,17517,717-491-5643,http://www.americanspeedyprintingctrs.com,American Speedy Printing Ctrs,PA
Tresa,http://www.graysongrantsesq.com,314-231-3514,tresa_sweely@hotmail.com,Valley Park,Saint Louis,MO,63088,314-359-9566,"Grayson Grant S Esq",22 Bridle Ln,Sweely
Kristeen,http://www.jeanerettemiddleschool.com,Jeanerette Middle School,70099 E North Ave,817-947-9480,Tarrant,TX,76013,kristeen@gmail.com,Arlington,817-213-8851,Turinetti
Jenelle,Regusters,813-357-7296,http://www.haavistobrianfesq.com,Tampa,Hillsborough,jregusters@regusters.com,33619,813-932-8715,"Haavisto Brian F Esq",FL,3211 E Northeast Loop
Renea,Monterrubio,Wmmt Radio Station,26 Montgomery St,Atlanta,Fulton,GA,30328,770-679-4752,770-930-9967,renea@hotmail.com,http://www.wmmtradiostation.com
olive@aol.com,760-745-2649,Colony Paints Sales Ofc & Plnt,13252 Lighthouse Ave,Cathedral City,Riverside,CA,92234,760-938-6069,Matuszak,http://www.colonypaintssalesofcplnt.com,Olive
Ligia,Reiber,Floral Expressions,http://www.floralexpressions.com,Lansing,Ingham,MI,48933,517-747-7664,lreiber@cox.net,517-906-1108,206 Main St #2804
Christiane,Eschberger,http://www.cascoservicesinc.com,602-330-6894,Phoenix,Maricopa,christiane.eschberger@yahoo.com,85034,602-390-4944,96541 W Central Blvd,AZ,Casco Services Inc
http://www.reuterarthurcjr.com,207-748-3722,"Reuter Arthur C Jr",34 Saint George Ave #2,Bangor,Penobscot,goldie.schirpke@yahoo.com,4401,207-295-7569,Schirpke,ME,Goldie
Loreta,loreta.timenez@hotmail.com,"Kaminski Katherine Andritsaki",301-392-6698,Clinton,http://www.kaminskikatherineandritsaki.com,MD,20735,301-696-6420,47857 Coney Island Ave,Timenez,Prince Georges
Fabiola,Hauenstein,717-344-2804,8573 Lincoln Blvd,York,fabiola.hauenstein@hauenstein.org,PA,17404,717-809-3119,Sidewinder Products Corp,http://www.sidewinderproductscorp.com,York
amie.perigo@yahoo.com,Perigo,http://www.generalfoamcorporation.com,596 Santa Maria Ave #7913,Mesquite,Dallas,TX,75150,972-898-1033,972-419-7946,Amie,General Foam Corporation
Raina,Brachle,Ikg Borden Divsn Harsco Corp,3829 Ventura Blvd,Butte,raina.brachle@brachle.org,MT,406-374-7752,http://www.ikgbordendivsnharscocorp.com,59701,Silver Bow,406-318-1515
Erinn,Canlas,Anchor Computer Inc,13 S Hacienda Dr,Livingston,Essex,NJ,7039,973-767-3008,973-563-9502,erinn.canlas@canlas.com,http://www.anchorcomputerinc.com
Cherry,Lietz,Sebring & Co,40 9th Ave Sw #91,Waterford,Oakland,MI,48329,248-980-6904,248-697-7722,cherry@lietz.com,https://www.sebringco.com
216-270-9653,Vonasek,H A C Farm Lines Co Optv Assoc,2845 Boulder Crescent St,Cleveland,Cuyahoga,kattie@vonasek.org,44103,216-923-3715,http://www.hacfarmlinescooptvassoc.com,OH,Kattie
Lilli,Scriven,"Hunter John J Esq",325-667-7868,Abilene,Taylor,lilli@aol.com,79601,http://www.hunterjohnjesq.com,33 State St,TX,325-631-1560
http://www.freeholdfenceco.com,817-819-7799,whitley.tomasulo@aol.com,2 S 15th St,Fort Worth,Tarrant,TX,76107,817-526-4408,Tomasulo,Freehold Fence Co,Whitley
Barbra,badkin@hotmail.com,Binswanger,718-732-9475,Brooklyn,Kings,NY,11230,718-201-3751,4 Kohler Memorial Dr,http://www.binswanger.com,Adkin
Hermila,Thyberg,Chilton Malting Co,1 Rancho Del Mar Shopping C,Providence,Providence,RI,2903,401-893-4882,401-885-7681,hermila_thyberg@hotmail.com,http://www.chiltonmaltingco.com
Jesusita,http://www.schoenedwardjjr.com,"Schoen Edward J Jr",717-686-7564,Lancaster,Lancaster,PA,17601,717-885-9118,jesusita.flister@hotmail.com,3943 N Highland Ave,Flister
401-552-9059,Julia,http://www.heldermanseymourcpa.com,5 Williams St,Johnston,Providence,RI,caitlin.julia@julia.org,401-948-4982,Caitlin,2919,"Helderman Seymour Cpa"
Roosevelt,Hoffis,http://www.denbrookmyron.com,60 Old Dover Rd,roosevelt.hoffis@aol.com,Miami-Dade,305-302-1135,33014,305-622-4739,FL,Hialeah,"Denbrook Myron"
Helaine,Halter,"Lippitt Mike",8 Sheridan Rd,Jersey City,Hudson,NJ,7304,201-832-4168,201-412-3040,hhalter@yahoo.com,http://www.lippittmike.com
lorean.martabano@hotmail.com,Martabano,http://www.hiramhoggpesq.com,210-634-2447,San Antonio,Bexar,TX,78204,210-856-4979,85092 Southern Blvd,Lorean,"Hiram Hogg P Esq"
France,Buzick,718-853-3740,64 Newman Springs Rd E,http://www.intravelagency.com,Kings,france.buzick@yahoo.com,11219,718-478-8504,In Travel Agency,NY,Brooklyn
Justine,Ferrario,Newhart Foods Inc,48 Stratford Ave,Pomona,jferrario@hotmail.com,CA,909-631-5703,909-993-3242,91768,http://www.newhartfoodsinc.com,Los Angeles
Adelina,Nabours,Courtyard By Marriott,80 Pittsford Victor Rd #9,Cleveland,Cuyahoga,OH,44103,216-230-4892,216-937-5320,adelina_nabours@gmail.com,http://www.courtyardbymarriott.com
Derick,Dhamer,"Studer Eugene A Esq",87163 N Main Ave,New York,ddhamer@cox.net,NY,212-225-9676,212-304-4515,10013,http://www.studereugeneaesq.com,New York
Jerry,Dallen,jerry.dallen@yahoo.com,393 Lafayette Ave,804-808-9574,Richmond City,http://www.seashoresupplycowaretown.com,23219,804-762-9576,Richmond,Seashore Supply Co Waretown,VA
Leota,Ragel,Mayar Silk Inc,http://www.mayarsilkinc.com,leota.ragel@gmail.com,706-616-5131,GA,30753,706-221-4243,Chattooga,Trion,99 5th Ave #33
Jutta,Amyot,National Medical Excess Corp,49 N Mays St,Broussard,jamyot@hotmail.com,http://www.nationalmedicalexcesscorp.com,337-991-8070,337-515-1438,70518,Lafayette,LA
973-986-4456,Gehrett,http://www.sterocompany.com,993 Washington Ave,Nutley,aja_gehrett@hotmail.com,NJ,7110,973-544-2677,Aja,Essex,Stero Company
Kirk,Herritt,http://www.hastinghduaneesq.com,88 15th Ave Ne,Vestal,607-350-7690,NY,13850,kirk.herritt@aol.com,Broome,607-407-3716,"Hasting H Duane Esq"
Leonora,Mauson,973-355-2120,3381 E 40th Ave,Passaic,Passaic,leonora@yahoo.com,http://www.instyprints.com,973-412-2995,Insty Prints,NJ,7055
Winfred,Brucato,Glenridge Manor Mobile Home Pk,201 Ridgewood Rd,Moscow,Latah,winfred_brucato@hotmail.com,208-793-4108,http://www.glenridgemanormobilehomepk.com,83843,ID,208-252-4552
http://www.circuitsolutioninc.com,Nachor,Circuit Solution Inc,tarra.nachor@cox.net,San Francisco,San Francisco,CA,94104,415-284-2730,415-411-1775,39 Moccasin Dr,Tarra
Corinne,Loder,Local Office,508-618-7826,corinne@loder.org,Bristol,MA,2760,508-942-4186,4 Carroll St,http://www.localoffice.com,North Attleboro
Dulce,Labreche,248-811-5696,dulce_labreche@yahoo.com,Rochester,Oakland,MI,48307,248-357-8718,Lee Kilkelly Paulson & Kabaker,http://www.leekilkellypaulsonkabaker.com,9581 E Arapahoe Rd
Kate,Keneipp,kate_keneipp@yahoo.com,920-355-1610,Green Bay,Brown,WI,54301,920-353-6377,33 N Michigan Ave,http://www.davismaxonresq.com,"Davis Maxon R Esq"
410-773-3862,kaitlyn.ogg@gmail.com,"Garrison Paul E Esq",2 S Biscayne Blvd,Baltimore,http://www.garrisonpauleesq.com,MD,21230,410-665-4903,Kaitlyn,Ogg,Baltimore City
Sherita,Saras,Black History Resource Center,8 Us Highway 22,Colorado Springs,El Paso,719-547-9543,http://www.blackhistoryresourcecenter.com,719-669-1664,sherita.saras@cox.net,CO,80937
Lashawnda,Stuer,"Rodriguez J Christopher Esq",7422 Martin Ave #8,Toledo,Lucas,OH,43607,419-588-8719,419-399-1744,lstuer@cox.net,http://www.rodriguezjchristopheresq.com
Ernest,301-257-4883,Grant Family Health Center,94 Chase Rd,Hyattsville,Prince Georges,MD,ernest@cox.net,http://www.grantfamilyhealthcenter.com,Syrop,20785,301-998-9644
Nobuko,http://www.goemanwoodproductsinc.com,Goeman Wood Products Inc,nobuko.halsey@yahoo.com,508-897-7916,Bristol,MA,2745,508-855-9887,New Bedford,8139 I Hwy 10 #92,Halsey
Lavonna,Wolny,703-892-2914,5 Cabot Rd,Mc Lean,Fairfax,http://www.linhareskennethaesq.com,lavonna.wolny@hotmail.com,703-483-1970,"Linhares Kenneth A Esq",22102,VA
Lashaunda,http://www.earnhardtprinting.com,Earnhardt Printing,3387 Ryan Dr,410-912-6032,Anne Arundel,MD,21076,llizama@cox.net,Hanover,410-678-2473,Lizama
Mariann,Bilden,mariann.bilden@aol.com,3125 Packer Ave #9851,Austin,512-742-1149,TX,78753,http://www.hpgindustrysinc.com,Travis,H P G Industrys Inc,512-223-4791
Helene,Rodenberger,Bailey Transportation Prod Inc,623-426-4907,Peoria,Maricopa,AZ,http://www.baileytransportationprodinc.com,helene@aol.com,347 Chestnut St,623-461-8551,85381
http://www.mcglynnblisspc.com,Estell,Mcglynn Bliss Pc,roselle.estell@hotmail.com,419-488-6648,Crawford,OH,44820,419-571-5920,Bucyrus,8116 Mount Vernon Ave,Roselle
Samira,Heintzman,sheintzman@hotmail.com,8772 Old County Rd #5410,Kent,206-923-6042,WA,98032,http://www.mutualfishco.com,King,Mutual Fish Co,206-311-4137
513-747-9603,http://www.yeatesarthurlaia.com,"Yeates Arthur L Aia",868 State St #38,Cincinnati,margart_meisel@yahoo.com,OH,45251,513-617-2362,Margart,Hamilton,Meisel
Kristofer,Bennick,812-442-8544,772 W River Dr,Bloomington,Monroe,http://www.loganronaldjesq.com,kristofer.bennick@yahoo.com,812-368-1511,"Logan Ronald J Esq",47404,IN
847-613-5866,Acuff,Advantage Martgage Company,http://www.advantagemartgagecompany.com,Arlington Heights,Cook,wacuff@gmail.com,60004,847-353-2156,Weldon,IL,73 W Barstow Ave
Shalon,Shadrick,Germer And Gertz Llp,61047 Mayfield Ave,Brooklyn,Kings,NY,11223,718-232-2337,718-394-4974,shalon@cox.net,http://www.germerandgertzllp.com
Denise,Patak,Spence Law Offices,2139 Santa Rosa Ave,Orlando,Orange,FL,32801,407-446-4358,407-808-3254,denise@patak.org,http://www.spencelawoffices.com
Louvenia,310-652-2379,John Ortiz Nts Therapy Center,598 43rd St,Beverly Hills,http://www.johnortizntstherapycenter.com,CA,louvenia.beech@beech.com,310-820-2117,Beech,90210,Los Angeles
Audry,Yaw,Mike Uchrin Htg & Air Cond Inc,70295 Pioneer Ct,Brandon,Hillsborough,FL,33511,813-797-4816,813-744-7100,audry.yaw@yaw.org,http://www.mikeuchrinhtgaircondinc.com
915-300-6100,http://www.mccoyjoyreynoldsesq.com,"Mccoy Joy Reynolds Esq",92899 Kalakaua Ave,El Paso,El Paso,TX,79925,915-452-1290,kristel.ehmann@aol.com,Kristel,Ehmann
Vincenza,619-935-6661,Kbor 1600 Am,395 S 6th St #2,http://www.kboram.com,San Diego,CA,vzepp@gmail.com,619-603-5125,Zepp,92020,El Cajon
Elouise,Gwalthney,Quality Inn Northwest,9506 Edgemore Ave,301-591-3034,Prince Georges,MD,egwalthney@yahoo.com,http://www.qualityinnnorthwest.com,Bladensburg,20710,301-841-5012
Venita,Maillard,Wallace Church Assoc Inc,714-663-9740,Anaheim,Orange,CA,http://www.wallacechurchassocinc.com,714-523-6653,venita_maillard@gmail.com,72119 S Walker Ave #63,92801
Kasandra,http://www.cantron.com,Can Tron,369 Latham St #500,314-697-3652,Saint Louis City,kasandra_semidey@semidey.com,63102,314-732-9131,Saint Louis,MO,Semidey
Xochitl,Discipio,xdiscipio@gmail.com,3158 Runamuck Pl,Round Rock,Williamson,TX,http://www.ravaalenterprisesinc.com,512-942-3411,512-233-1831,Ravaal Enterprises Inc,78664
Maile,336-364-6037,Thompson Steel Company Inc,9 Plainsboro Rd #598,http://www.thompsonsteelcompanyinc.com,Guilford,mlinahan@yahoo.com,27409,336-670-2640,Linahan,NC,Greensboro
Krissy,Rauser,631-288-2866,8728 S Broad St,Coram,krauser@cox.net,NY,http://www.andersonmarkaesq.com,631-443-4710,"Anderson Mark A Esq",Suffolk,11727
Pete,http://www.womackgalich.com,Womack & Galich,2215 Prosperity Dr,Lyndhurst,201-749-8866,NJ,7071,201-825-2514,pdubaldi@hotmail.com,Bergen,Dubaldi
Linn,Paa,Valerie & Company,1 S Pine St,Memphis,Shelby,TN,38112,901-412-4381,901-573-9024,linn_paa@paa.com,https://www.valeriecompany.com
Paris,Wide,Gehring Pumps Inc,http://www.gehringpumpsinc.com,Atlanta,Fulton,paris@hotmail.com,30342,404-607-8435,404-505-4445,GA,187 Market St
Wynell,Dorshorst,wynell_dorshorst@dorshorst.org,http://www.haehnelcraigwesq.com,Pacifica,San Mateo,CA,94044,650-749-9879,650-473-1262,"Haehnel Craig W Esq",94290 S Buchanan St
http://www.spoorbehrinscampbellyoung.com,qbirkner@aol.com,Spoor Behrins Campbell & Young,952-314-5871,Burnsville,Dakota,MN,55337,952-702-7993,7061 N 2nd St,Birkner,Quentin
Regenia,Kannady,regenia.kannady@cox.net,10759 Main St,480-205-5121,Maricopa,AZ,85260,480-726-1280,Scottsdale,http://www.kenjeterstoreequipmentinc.com,Ken Jeter Store Equipment Inc
Sheron,Louissant,"Potter Brenda J Cpa",97 E 3rd St #9,Long Island City,Queens,NY,11101,718-976-8610,718-613-9994,sheron@aol.com,http://www.potterbrendajcpa.com
770-584-4119,Funnell,Baird Kurtz & Dobson,82 Winsor St #54,Atlanta,http://www.bairdkurtzdobson.com,GA,30340,770-844-3447,izetta.funnell@hotmail.com,Izetta,Dekalb
Rodolfo,Butzen,"Minor Cynthia A Esq",41 Steel Ct,Northfield,Rice,MN,55057,507-210-3510,507-590-5237,rodolfo@hotmail.com,http://www.minorcynthiaaesq.com
Zona,Colla,"Solove Robert A Esq",203-938-2557,Norwalk,zona@hotmail.com,http://www.soloverobertaesq.com,6854,203-461-1949,49440 Dearborn St,Fairfield,CT
Serina,http://www.markiiimportsinc.com,szagen@aol.com,260-382-4869,Fort Wayne,Allen,IN,46802,260-273-3725,7 S Beverly Dr,Mark Ii Imports Inc,Zagen
Paz,601-249-4511,White Sign Div Ctrl Equip Co,919 Wall Blvd,http://www.whitesigndivctrlequipco.com,Lauderdale,MS,39307,paz_sahagun@cox.net,Sahagun,601-927-8287,Meridian
Markus,586-247-1614,http://www.mmstorefixturescoinc.com,89 20th St E #779,Sterling Heights,Macomb,MI,48310,markus@yahoo.com,Lukasik,586-970-7380,M & M Store Fixtures Co Inc
Jaclyn,Bachman,Judah Caster & Wheel Co,721 Interstate 45 S,Colorado Springs,jaclyn@aol.com,CO,80919,719-223-2074,http://www.judahcasterwheelco.com,El Paso,719-853-3600
Cyril,Daufeldt,Galaxy International Inc,3 Lawton St,cyril_daufeldt@daufeldt.com,New York,212-422-5427,10013,212-745-8484,NY,http://www.galaxyinternationalinc.com,New York
Gayla,Schnitzler,510-441-4055,38 Pleasant Hill Rd,http://www.sigmacorpofamerica.com,Alameda,CA,gschnitzler@gmail.com,510-686-3407,Sigma Corp Of America,94545,Hayward
Erick,Nievas,http://www.sowardanneesq.com,45 E Acacia Ct,773-359-6109,Cook,erick_nievas@aol.com,60624,773-704-9903,Chicago,IL,"Soward Anne Esq"
Jennie,Drymon,"Osborne Michelle M Esq",jennie@cox.net,Scranton,http://www.osbornemichellemesq.com,570-868-8688,18509,570-218-4831,PA,63728 Poway Rd #1,Lackawanna
mscipione@scipione.com,530-399-3254,Students In Free Entrprs Natl,77 222 Dr,Oroville,Butte,CA,http://www.studentsinfreeentrprsnatl.com,530-986-9272,Scipione,Mitsue,95965
Ciara,Ventura,"Johnson Robert M Esq",http://www.johnsonrobertmesq.com,cventura@yahoo.com,Orange,845-694-7919,12771,845-823-8877,NY,Port Jervis,53 W Carey St
Galen,Cantres,Del Charro Apartments,617 Nw 36th Ave,Brook Park,Cuyahoga,OH,44142,216-600-6111,216-871-6876,galen@yahoo.com,http://www.delcharroapartments.com
Truman,Feichtner,Legal Search Inc,539 Coldwater Canyon Ave,973-473-5108,Essex,NJ,http://www.legalsearchinc.com,973-852-2736,tfeichtner@yahoo.com,Bloomfield,7003
Gail,Kitty,Service Supply Co Inc,735 Crawford Dr,Anchorage,Anchorage,AK,99501,907-435-9166,907-770-3542,gail@kitty.com,http://www.servicesupplycoinc.com
Dalene,Schoeneck,"Sameshima Douglas J Esq",910 Rahway Ave,Philadelphia,Philadelphia,PA,19102,215-268-1275,215-380-8820,dalene@schoeneck.org,http://www.sameshimadouglasjesq.com
513-863-9471,gertude.witten@gmail.com,"Thompson John Randolph Jr",7 Tarrytown Rd,Cincinnati,Hamilton,OH,http://www.thompsonjohnrandolphjr.com,513-977-7043,Gertude,Witten,45217
Lizbeth,Kohl,E T Balancing Co Inc,310-955-5788,Gardena,Los Angeles,CA,90248,lizbeth@yahoo.com,35433 Blake St #588,http://www.etbalancingcoinc.com,310-699-1222
Glenn,Berray,515-372-1738,gberray@gmail.com,Des Moines,Polk,IA,50315,515-370-7348,"Griswold John E Esq",http://www.griswoldjohneesq.com,29 Cherry St #7073
Lashandra,Klang,Acqua Group,610-378-7332,King of Prussia,Montgomery,lashandra@yahoo.com,19406,610-809-1818,810 N La Brea Ave,http://www.acquagroup.com,PA
Lenna,Newville,"Brooks Morris J Jr",lnewville@newville.com,Raleigh,919-254-5987,NC,27601,919-623-2524,Wake,http://www.brooksmorrisjjr.com,987 Main St
Laurel,Pagliuca,Printing Images Corp,509-595-6485,Richland,Benton,laurel@yahoo.com,99352,509-695-5199,36 Enterprise St Se,http://www.printingimagescorp.com,WA
Mireya,https://www.robertssupplycoinc.com,Roberts Supply Co Inc,mireya.frerking@hotmail.com,Pelham,914-883-3061,NY,10803,914-868-5965,Westchester,8429 Miller Rd,Frerking
Annelle,Tagala,Vico Products Mfg Co,5 W 7th St,annelle@yahoo.com,Baltimore,MD,21234,410-234-2267,410-757-1035,http://www.vicoproductsmfgco.com,Parkville
Dean,516-732-6649,J M Custom Design Millwork,2 Flynn Rd,Hicksville,Nassau,NY,dean_ketelsen@gmail.com,516-847-4418,Ketelsen,http://www.jmcustomdesignmillwork.com,11801
Levi,Munis,levi.munis@gmail.com,http://www.farrelljohnsonofficeequip.com,Worcester,Worcester,MA,1603,508-658-7802,508-456-4907,Farrell & Johnson Office Equip,2094 Ne 36th Ave
Sylvie,Ryser,Millers Market & Deli,649 Tulane Ave,Tulsa,sylvie@aol.com,918-565-1706,74105,http://www.millersmarketdeli.com,OK,Tulsa,918-644-9555
231-265-6940,Maile,Holiday Inn Naperville,2094 Montour Blvd,sharee_maile@aol.com,Muskegon,MI,49442,231-467-9978,http://www.holidayinnnaperville.com,Muskegon,Sharee
Cordelia,Storment,"Burrows Jon H Esq",337-255-3427,http://www.burrowsjonhesq.com,Lafayette,LA,70506,337-566-6001,cordelia_storment@aol.com,393 Hammond Dr,Lafayette
Mollie,Mcdoniel,Dock Seal Specialty,8590 Lake Lizzie Dr,Bowling Green,Wood,OH,43402,419-975-3182,419-417-4674,mollie_mcdoniel@yahoo.com,http://www.docksealspecialty.com
Brett,Mccullan,Five Star Limousines Of Tx Inc,87895 Concord Rd,La Mesa,San Diego,CA,91942,619-461-9984,619-727-3892,brett.mccullan@mccullan.com,http://www.fivestarlimousinesoftxinc.com
Teddy,Pedrozo,203-918-3939,46314 Route 130,http://www.barkannealjesq.com,Fairfield,teddy_pedrozo@aol.com,6610,203-892-3863,"Barkan Neal J Esq",CT,Bridgeport
Tasia,Andreason,tasia_andreason@yahoo.com,http://www.campbellroberta.com,Kearny,201-969-7063,NJ,7032,201-920-9002,Hudson,"Campbell Robert A",4 Cowesett Ave
hubert@walthall.org,Walthall,"Dee Deanna",330-566-8898,Barberton,Summit,OH,44203,330-903-1345,95 Main Ave #2,http://www.deedeanna.com,Hubert
201-772-4377,Farrow,"Young Timothy L Esq",28 S 7th St #2824,arthur.farrow@yahoo.com,Bergen,NJ,7631,http://www.youngtimothylesq.com,Arthur,Englewood,201-238-5688
Vilma,Berlanga,"Wells D Fred Esq",79 S Howell Ave,vberlanga@berlanga.com,616-568-4113,MI,49546,http://www.wellsdfredesq.com,Kent,Grand Rapids,616-737-3085
601-637-5479,Miro,"Gray Francine H Esq",billye_miro@cox.net,Pearl,Rankin,MS,39208,601-567-5386,http://www.grayfrancinehesq.com,36 Lancaster Dr Se,Billye
Glenna,Slayton,901-869-4314,2759 Livingston Ave,http://www.toledoivcare.com,Shelby,TN,38118,901-640-9178,glenna_slayton@cox.net,Toledo Iv Care,Memphis
Mitzie,Hudnall,303-997-7760,17 Jersey Ave,Englewood,Arapahoe,mitzie_hudnall@yahoo.com,80110,303-402-1940,http://www.cangrotransmissionco.com,CO,Cangro Transmission Co
bernardine_rodefer@yahoo.com,901-739-5892,Sat Poly Inc,2 W Grand Ave,Memphis,Shelby,TN,http://www.satpolyinc.com,901-901-4726,Rodefer,Bernardine,38112
http://www.midwestcontractingmfginc.com,Schmaltz,Midwest Contracting & Mfg Inc,626-293-7678,Pasadena,Los Angeles,staci_schmaltz@aol.com,91106,626-866-2339,18 Coronado Ave #563,CA,Staci
nichelle_meteer@meteer.com,http://www.printdoctor.com,Print Doctor,72 Beechwood Ter,Chicago,Cook,IL,60657,773-857-2231,773-225-9985,Nichelle,Meteer
718-728-5051,Rhoden,Nordic Group Inc,http://www.nordicgroupinc.com,Astoria,Queens,NY,11103,jrhoden@yahoo.com,Janine,718-228-5894,92 Broadway
Ettie,Hoopengardner,509-847-3352,39 Franklin Ave,Richland,Benton,ettie.hoopengardner@hotmail.com,99352,509-755-5393,Jackson Millwork Co,http://www.jacksonmillworkco.com,WA
Eden,Jayson,Harris Corporation,4 Iwaena St,Baltimore,Baltimore City,410-429-4888,eden_jayson@yahoo.com,http://www.harriscorporation.com,MD,21202,410-890-7866
Lynelle,Auber,United Cerebral Palsy Of Ne Pa,lynelle_auber@gmail.com,Newark,Essex,http://www.unitedcerebralpalsyofnepa.com,973-605-6492,973-860-8610,7104,32820 Corkwood Rd,NJ
Merissa,Tomblin,One Day Surgery Center Inc,34 Raritan Center Pky,Bellflower,Los Angeles,CA,90706,562-579-6900,562-719-7922,merissa.tomblin@gmail.com,http://www.onedaysurgerycenterinc.com
Golda,732-617-5310,Calaveras Prospect,6201 S Nevada Ave,Toms River,Ocean,golda_kaniecki@yahoo.com,8755,732-628-9909,Kaniecki,http://www.calaverasprospect.com,NJ
Catarina,Gleich,http://www.terkroberteesq.com,78 Maryland Dr #146,Denville,Morris,NJ,7834,973-491-8723,catarina_gleich@hotmail.com,973-210-3994,"Terk Robert E Esq"
Virgie,Kiel,"Cullen Terrence P Esq",76598 Rd  I 95 #1,Denver,303-845-5408,http://www.cullenterrencepesq.com,80216,303-776-7548,vkiel@hotmail.com,Denver,CO
Jolene,Ostolaza,757-940-1741,jolene@yahoo.com,Newport News,Newport News City,VA,23608,757-682-7116,Central Die Casting Mfg Co Inc,http://www.centraldiecastingmfgcoinc.com,1610 14th St Nw
Keneth,Borgman,Centerline Engineering,86350 Roszel Rd,Phoenix,Maricopa,AZ,85012,602-919-4211,602-442-3092,keneth@yahoo.com,http://www.centerlineengineering.com
Rikki,Nayar,Targan & Kievit Pa,1644 Clove Rd,rikki@nayar.com,http://www.targankievitpa.com,305-978-2069,33155,305-968-9487,FL,Miami,Miami-Dade
Elke,Sengbusch,602-575-3457,http://www.rileyriperhollincolagreco.com,Phoenix,Maricopa,AZ,85013,602-896-2993,elke_sengbusch@yahoo.com,Riley Riper Hollin & Colagreco,9 W Central Ave
386-599-7296,Sarao,hoa@sarao.org,http://www.kaplanjoelsesq.com,Oak Hill,Volusia,FL,32759,386-526-7800,Hoa,"Kaplan Joel S Esq",27846 Lafayette Ave
415-419-1597,Mcrae,Water Office,http://www.wateroffice.com,San Francisco,trinidad_mcrae@yahoo.com,CA,94105,415-331-9634,Trinidad,San Francisco,10276 Brooks St
Mari,Lueckenbach,mari_lueckenbach@yahoo.com,1 Century Park E,San Diego,http://www.westbrooksnelsonejr.com,CA,92110,858-228-5683,858-793-9684,"Westbrooks Nelson E Jr",San Diego
Selma,Husser,http://www.armoncommunications.com,9 State Highway 57 #22,Jersey City,Hudson,NJ,7306,201-772-7699,selma.husser@cox.net,201-991-8369,Armon Communications
Antione,Onofrio,Jacobs & Gerber Inc,aonofrio@onofrio.com,San Bernardino,San Bernardino,909-665-3223,92410,http://www.jacobsgerberinc.com,CA,4 S Washington Ave,909-430-7765
617-544-2541,Jurney,http://www.forestfirelaboratory.com,25 Se 176th Pl,Cambridge,Middlesex,ljurney@hotmail.com,2138,617-365-2134,Luisa,MA,Forest Fire Laboratory
Clorinda,760-261-4786,"Haughey Charles Jr",http://www.haugheycharlesjr.com,Escondido,San Diego,CA,clorinda.heimann@hotmail.com,760-291-5497,Heimann,92025,105 Richmond Valley Rd
Dick,Wenzinger,Wheaton Plastic Products,22 Spruce St #595,Gardena,Los Angeles,CA,90248,310-510-9713,310-936-2258,dick@yahoo.com,http://www.wheatonplasticproducts.com
Ahmed,Angalich,Reese Plastics,ahmed.angalich@angalich.com,Harrisburg,Dauphin,http://www.reeseplastics.com,17110,717-632-5831,717-528-8996,2 W Beverly Blvd,PA
Iluminada,http://www.nazettemarnergoodwendt.com,iluminada.ohms@yahoo.com,480-866-6544,Mesa,Maricopa,AZ,85204,480-293-2882,72 Southern Blvd,Nazette Marner Good Wendt,Ohms
Joanna,Leinenbach,Levinson Axelrod Wheaton,1 Washington St,Lake Worth,Palm Beach,joanna_leinenbach@hotmail.com,33461,561-951-9734,561-470-4574,http://www.levinsonaxelrodwheaton.com,FL
Caprice,Suell,"Egnor W Dan Esq",90177 N 55th Ave,Nashville,Davidson,TN,37211,615-246-1824,615-726-4537,caprice@aol.com,http://www.egnorwdanesq.com
Stephane,Myricks,Portland Central Thriftlodge,9 Tower Ave,Burlington,Boone,KY,41005,859-717-7638,859-308-4286,stephane_myricks@cox.net,http://www.portlandcentralthriftlodge.com
734-851-8571,Swayze,http://www.ulbrichtrucking.com,278 Bayview Ave,Milan,quentin_swayze@yahoo.com,MI,48160,734-561-6170,Quentin,Monroe,Ulbrich Trucking
Annmarie,Castros,936-937-2334,annmarie_castros@gmail.com,Conroe,http://www.tipiakinc.com,TX,77301,936-751-7961,Tipiak Inc,80312 W 32nd St,Montgomery
Shonda,shonda_greenbush@cox.net,Saint George Well Drilling,82 Us Highway 46,Clifton,973-644-2974,NJ,http://www.saintgeorgewelldrilling.com,973-482-2430,Passaic,Greenbush,7011
Cecil,Lapage,"Hawkes Douglas D",http://www.hawkesdouglasd.com,Union City,Hudson,clapage@lapage.com,201-856-2720,201-693-3967,7087,NJ,4 Stovall St #72
305-306-7834,Claucherty,http://www.accurelsystemsintrntlcorp.com,19 Amboy Ave,Miami,Miami-Dade,FL,jeanice.claucherty@yahoo.com,305-988-4162,Jeanice,33142,Accurel Systems Intrntl Corp
Josphine,Villanueva,josphine_villanueva@villanueva.com,63 Smith Ln #8343,http://www.santacruzcommunityinternet.com,931-486-6946,TN,38575,931-553-9774,Clay,Santa Cruz Community Internet,Moss
dperruzza@perruzza.com,Perruzza,Gersh & Danielson,11360 S Halsted St,Santa Ana,714-531-1391,CA,92705,714-771-3880,http://www.gershdanielson.com,Daniel,Orange
Cassi,Wildfong,"Cobb James O Esq",26849 Jefferson Hwy,Rolling Meadows,Cook,IL,60008,847-633-3216,847-755-9041,cassi.wildfong@aol.com,http://www.cobbjamesoesq.com
215-351-8523,Galam,Wheatley Trucking Company,2500 Pringle Rd Se #508,britt@galam.org,Montgomery,http://www.wheatleytruckingcompany.com,19440,215-888-3304,Britt,Hatfield,PA
Adell,Lipkin,973-662-8988,adell.lipkin@lipkin.com,Whippany,Morris,NJ,7981,973-654-1561,http://www.systemsgraphincabdickdlr.com,65 Mountain View Dr,Systems Graph Inc Ab Dick Dlr
814-481-1700,Rowling,John Hancock Mutl Life Ins Co,1 N San Saba,Erie,Erie,PA,jacqueline.rowling@yahoo.com,814-865-8113,Jacqueline,http://www.johnhancockmutllifeinsco.com,16501
lonny_weglarz@gmail.com,Weglarz,History Division Of State,51120 State Route 18,801-892-8781,Salt Lake,UT,84115,801-293-9853,http://www.historydivisionofstate.com,Lonny,Salt Lake City
lonna_diestel@gmail.com,Diestel,http://www.dimmockthomasjesq.com,1482 College Ave,Fayetteville,910-200-7912,NC,28301,910-922-3672,Cumberland,Lonna,"Dimmock Thomas J Esq"
213-696-8004,Samara,Intermed Inc,cristal@cox.net,Los Angeles,Los Angeles,CA,90021,http://www.intermedinc.com,Cristal,4119 Metropolitan Dr,213-975-8026
Kenneth,Grenet,http://www.bankofnewyork.com,2167 Sierra Rd,East Lansing,517-867-8077,MI,48823,kenneth.grenet@grenet.org,Ingham,517-499-2322,Bank Of New York
emclaird@mclaird.com,Mclaird,315-474-5570,6 Sunrise Ave,Utica,Oneida,NY,http://www.sportmasterintrnatl.com,315-818-2638,Sportmaster Intrnatl,Elli,13501
Alline,ajeanty@gmail.com,http://www.wwjohnholdeninc.com,55713 Lake City Hwy,South Bend,St Joseph,IN,46601,574-405-1983,574-656-2800,Jeanty,W W John Holden Inc
Sharika,Eanes,Maccani & Delp,75698 N Fiesta Blvd,407-472-1332,Orange,http://www.maccanidelp.com,sharika.eanes@aol.com,407-312-1691,Orlando,32806,FL
Nu,Mcnease,Amazonia Film Project,88 Sw 28th Ter,Harrison,Hudson,http://www.amazoniafilmproject.com,973-903-4175,nu@gmail.com,7029,973-751-9003,NJ
Daniela,Comnick,Water & Sewer Department,7 Flowers Rd #403,Trenton,Mercer,NJ,8611,609-200-8577,609-398-2805,dcomnick@cox.net,http://www.watersewerdepartment.com
Cecilia,Colaizzo,Switchcraft Inc,http://www.switchcraftinc.com,608-302-3387,cecilia_colaizzo@colaizzo.com,WI,53717,608-382-4541,Madison,Dane,4 Nw 12th St #3849
Leslie,leslie@cox.net,C W D C Metal Fabricators,http://www.cwdcmetalfabricators.com,Katonah,Westchester,NY,10536,914-396-2615,914-861-9748,Threets,2 A Kelley Dr
Nan,Koppinger,"Shimotani Grace T",88827 Frankford Ave,nan@koppinger.com,Guilford,NC,336-564-1492,336-370-5333,https://www.shimotanigracet.com,Greensboro,27401
410-522-7621,Dewar,idewar@dewar.com,2 W Scyene Rd #3,Baltimore,Baltimore City,http://www.lisatonijeanesq.com,21217,410-473-1708,Izetta,"Lisatoni Jean Esq",MD
Tegan,Arceo,Ceramic Tile Sales Inc,62260 Park Stre,http://www.ceramictilesalesinc.com,732-705-6719,NJ,tegan.arceo@arceo.org,732-730-2692,Middlesex,8831,Monroe Township
Ruthann,Keener,Maiden Craft Inc,3424 29th St Se,Kerrville,Kerr,TX,78028,830-258-2769,830-919-5991,ruthann@hotmail.com,http://www.maidencraftinc.com
Joni,Breland,Carriage House Cllsn Rpr Inc,35 E Main St #43,Elk Grove Village,Cook,IL,60007,847-519-5906,847-740-5304,joni_breland@cox.net,http://www.carriagehousecllsnrprinc.com
Vi,Rentfro,Video Workshop,7163 W Clark Rd,Freehold,Monmouth,NJ,7728,732-605-4781,732-724-7251,vrentfro@cox.net,http://www.videoworkshop.com
402-707-1602,Kardas,Fresno Tile Center Inc,21575 S Apple Creek Rd,Omaha,Douglas,NE,colette.kardas@yahoo.com,402-896-5943,Colette,http://www.fresnotilecenterinc.com,68124
703-874-4248,Tromblay,Versatile Sash & Woodwork,http://www.versatilesashwoodwork.com,Annandale,Fairfax,malcolm_tromblay@cox.net,22003,703-221-5602,Malcolm,VA,747 Leonis Blvd
Ryan,Harnos,Warner Electric Brk & Cltch Co,13 Gunnison St,Plano,Collin,TX,75075,972-558-1665,972-961-4968,ryan@cox.net,http://www.warnerelectricbrkcltchco.com
Jess,http://www.newyorkpubliclibrary.com,New York Public Library,18 3rd Ave,New York,jess.chaffins@chaffins.org,212-428-9538,10016,212-510-4633,NY,New York,Chaffins
Sharen,516-749-3188,"Mccaleb John A Esq",sbourbon@yahoo.com,Syosset,Nassau,NY,11791,http://www.mccalebjohnaesq.com,Bourbon,62 W Austin St,516-816-1541
Nickolas,Juvera,352-947-6152,177 S Rider Trl #52,Crystal River,Citrus,FL,nickolas_juvera@cox.net,http://www.unitedoilcoinc.com,United Oil Co Inc,34429,352-598-8301
Gary,gary_nunlee@nunlee.org,317-887-8486,2 W Mount Royal Ave,Fortville,Hancock,IN,http://www.irvingfootcenter.com,317-542-6023,Irving Foot Center,Nunlee,46040
http://www.acmesupplyco.com,Devreese,Acme Supply Co,1953 Telegraph Rd,Saint Joseph,Buchanan,diane@cox.net,816-329-5565,816-557-9673,64504,MO,Diane
Roslyn,Chavous,roslyn.chavous@chavous.org,63517 Dupont St,Jackson,Hinds,http://www.mcraejamesl.com,601-973-5754,601-234-9632,39211,"Mcrae James L",MS
325-740-3778,glory@yahoo.com,Mcgraths Seafood,5 E Truman Rd,Abilene,Taylor,TX,79602,325-869-2649,Glory,http://www.mcgrathsseafood.com,Schieler
rasheeda@aol.com,Sayaphon,408-997-7490,251 Park Ave #979,Saratoga,Santa Clara,CA,95070,http://www.kummererjmichaelesq.com,"Kummerer J Michael Esq",Rasheeda,408-805-4309
Alpha,Palaia,http://www.stofferjamesmjr.com,43496 Commercial Dr #29,856-513-7024,Camden,alpha@yahoo.com,8003,856-312-2629,Cherry Hill,NJ,"Stoffer James M Jr"
510-509-3496,Jacobos,North Central Fl Sfty Cncl,refugia.jacobos@jacobos.com,Hayward,Alameda,CA,94545,http://www.northcentralflsftycncl.com,Refugia,2184 Worth St,510-974-8671
Shawnda,http://www.fioruccifoodsusainc.com,407-564-8113,50126 N Plankinton Ave,Longwood,Seminole,FL,shawnda.yori@yahoo.com,407-538-5106,Fiorucci Foods Usa Inc,32750,Yori
http://www.signall.com,Delasancha,mdelasancha@hotmail.com,38773 Gravois Ave,Cheyenne,Laramie,WY,307-816-7115,307-403-1488,82001,Sign All,Mona
Gilma,Liukko,Sammys Steak Den,gilma_liukko@gmail.com,Garden City,Nassau,NY,11530,516-407-9573,516-393-9967,http://www.sammyssteakden.com,16452 Greenwich St
Janey,Gabisi,608-586-6912,40 Cambridge Ave,Madison,Dane,http://www.dobschastephenfesq.com,53715,jgabisi@hotmail.com,"Dobscha Stephen F Esq",608-967-7194,WI
Lili,Paskin,Morgan Custom Homes,20113 4th Ave E,201-478-8540,Hudson,NJ,7032,lili.paskin@cox.net,http://www.morgancustomhomes.com,201-431-2989,Kearny
http://www.olsenpaynecompany.com,loren.asar@aol.com,Olsen Payne & Company,570-569-2356,Old Forge,Lackawanna,PA,18518,570-648-3035,6 Ridgewood Center Dr,Asar,Loren
Dorothy,Chesterfield,Cowan & Kelly,469 Outwater Ln,San Diego,San Diego,CA,92126,858-617-7834,858-732-1884,dorothy@cox.net,http://www.cowankelly.com
Gail,http://www.johnsonwesesq.com,760-493-9208,62 Monroe St,Thousand Palms,Riverside,CA,gail_similton@similton.com,760-616-5388,"Johnson Wes Esq",92276,Similton
Catalina,Tillotson,Icn Pharmaceuticals Inc,609-826-4990,Margate City,catalina@hotmail.com,NJ,https://www.icnpharmaceuticalsinc.com,609-373-3332,3338 A Lockport Pl #6,Atlantic,8402
Lawrence,http://www.newenglandsecequipcoinc.com,New England Sec Equip Co Inc,9 Hwy,Providence,Providence,RI,lawrence.lorens@hotmail.com,401-893-1820,401-465-6432,2906,Lorens
carlee.boulter@hotmail.com,Boulter,"Tippett Troy M Ii",8284 Hart St,785-253-7049,Dickinson,KS,67410,785-347-1805,Abilene,http://www.tippetttroymii.com,Carlee
http://www.atccontracting.com,Ankeny,Atc Contracting,5 Washington St #1,916-459-2433,Placer,CA,95678,916-920-3571,tankeny@ankeny.org,Roseville,Thaddeus
Jovita,Oles,"Pagano Philip G Esq",386-208-6976,Daytona Beach,Volusia,http://www.paganophilipgesq.com,32114,386-248-4118,joles@gmail.com,8 S Haven St,FL
Alesia,Hixenbaugh,Kwikprint,9 Front St,Washington,District of Columbia,DC,20001,202-646-7516,202-276-6826,alesia_hixenbaugh@hixenbaugh.org,http://www.kwikprint.com
Lai,Harabedian,http://www.buergimaddenscale.com,1933 Packer Ave #2,415-926-6089,Marin,CA,94945,415-423-3294,lai@gmail.com,Novato,Buergi & Madden Scale
Brittni,208-206-9848,Inner Label,67 Rv Cent,Boise,http://www.innerlabel.com,ID,83709,bgillaspie@gillaspie.com,Gillaspie,208-709-1235,Ada
Raylene,rkampa@kampa.org,Hermar Inc,574-330-1884,Elkhart,Elkhart,IN,46514,574-499-1454,2 Sw Nyberg Rd,http://www.hermarinc.com,Kampa
flo.bookamer@cox.net,Bookamer,308-250-6987,89992 E 15th St,Alliance,Box Butte,http://www.simontonhoweschneiderpc.com,69301,308-726-2182,Simonton Howe & Schneider Pc,Flo,NE
Jani,jbiddy@yahoo.com,Warehouse Office & Paper Prod,61556 W 20th Ave,Seattle,King,WA,98104,206-395-6284,206-711-6498,http://www.warehouseofficepaperprod.com,Biddy
Chauncey,Motley,Affiliated With Travelodge,63 E Aurora Dr,Orlando,Orange,FL,32804,407-413-4842,407-557-8857,chauncey_motley@aol.com,http://www.affiliatedwithtravelodge.com
